[
  {
    "code": "E100",
    "name": "Curcumin, Turmeric",
    "risk": "suspicious"
  },
  {
    "code": "E101",
    "name": "Riboflavin, Vitamin B2, Lactoflavin",
    "risk": "safe"
  },
  {
    "code": "E101a",
    "name": "Riboflavin-5'-Phosphate",
    "risk": "unknown"
  },
  {
    "code": "E102",
    "name": "Tartrazine, FDC Yellow 5",
    "risk": "danger"
  },
  {
    "code": "E103",
    "name": "Alkannin, Chrysoine Resorcinol",
    "risk": "danger"
  },
  {
    "code": "E104",
    "name": "Quinoline Yellow WS",
    "risk": "avoid"
  },
  {
    "code": "E105",
    "name": "Fast Yellow AB",
    "risk": "danger"
  },
  {
    "code": "E106",
    "name": "Riboflavin-5'-Sodium Phosphate",
    "risk": "unknown"
  },
  {
    "code": "E107",
    "name": "Yellow 2G",
    "risk": "avoid"
  },
  {
    "code": "E110",
    "name": "Sunset Yellow FCF, Orange Yellow S, Yellow 6",
    "risk": "danger"
  },
  {
    "code": "E111",
    "name": "Orange GGN",
    "risk": "danger"
  },
  {
    "code": "E120",
    "name": "Cochineal Extract, Carminic Acid, Carmine, Natural Red 4",
    "risk": "avoid"
  },
  {
    "code": "E121",
    "name": "Citrus Red 2",
    "risk": "danger"
  },
  {
    "code": "E122",
    "name": "Carmoisine, Azorubine, Food Red 3",
    "risk": "danger"
  },
  {
    "code": "E123",
    "name": "Amaranth, FDC Red 2",
    "risk": "danger"
  },
  {
    "code": "E124",
    "name": "Ponceau 4R, Cochineal Red A, Brilliant Scarlet 4R",
    "risk": "danger"
  },
  {
    "code": "E125",
    "name": "Ponceau SX, Scarlet GN",
    "risk": "avoid"
  },
  {
    "code": "E126",
    "name": "Ponceau 6R",
    "risk": "avoid"
  },
  {
    "code": "E127",
    "name": "Erythrosine, FDC Red 3",
    "risk": "avoid"
  },
  {
    "code": "E128",
    "name": "Red 2G",
    "risk": "danger"
  },
  {
    "code": "E129",
    "name": "Allura Red AC, FDC Red 40",
    "risk": "danger"
  },
  {
    "code": "E130",
    "name": "Indanthrene blue RS, Anthraquinone blue",
    "risk": "danger"
  },
  {
    "code": "E131",
    "name": "Patent Blue V",
    "risk": "danger"
  },
  {
    "code": "E132",
    "name": "Indigo carmine, Indigotine, FDC Blue 2",
    "risk": "avoid"
  },
  {
    "code": "E133",
    "name": "Brilliant Blue FCF, FDC Blue 1",
    "risk": "avoid"
  },
  {
    "code": "E140",
    "name": "Chlorophylls, Chlorophyllins",
    "risk": "safe"
  },
  {
    "code": "E141",
    "name": "Copper complexes of chlorophylls and chlorophyllins",
    "risk": "safe"
  },
  {
    "code": "E142",
    "name": "Green S",
    "risk": "avoid"
  },
  {
    "code": "E143",
    "name": "Fast Green FCF, FDC Green 3",
    "risk": "danger"
  },
  {
    "code": "E150a",
    "name": "Plain caramel",
    "risk": "safe"
  },
  {
    "code": "E150b",
    "name": "Caustic sulphite caramel",
    "risk": "safe"
  },
  {
    "code": "E150c",
    "name": "Ammonia caramel",
    "risk": "suspicious"
  },
  {
    "code": "E150d",
    "name": "Sulphite ammonia caramel",
    "risk": "suspicious"
  },
  {
    "code": "E151",
    "name": "Black PN, Brilliant Black BN",
    "risk": "avoid"
  },
  {
    "code": "E152",
    "name": "Black 7984, Food Black 2",
    "risk": "avoid"
  },
  {
    "code": "E153",
    "name": "Carbon black, Vegetable carbon",
    "risk": "avoid"
  },
  {
    "code": "E154",
    "name": "Brown FK, Kipper brown",
    "risk": "danger"
  },
  {
    "code": "E155",
    "name": "Brown HT, Chocolate brown HT",
    "risk": "avoid"
  },
  {
    "code": "E160a",
    "name": "Alpha-carotene, Beta-carotene, Gamma-carotene",
    "risk": "safe"
  },
  {
    "code": "E160b",
    "name": "Annatto, Bixin, Norbixin",
    "risk": "avoid"
  },
  {
    "code": "E160c",
    "name": "Paprika oleoresin, Capsanthin, Capsorubin, Paprika extract, Capsicum (bell pepper) extract",
    "risk": "safe"
  },
  {
    "code": "E160d",
    "name": "Lycopene",
    "risk": "safe"
  },
  {
    "code": "E160e",
    "name": "Beta-apo-8'-carotenal (C 30)",
    "risk": "safe"
  },
  {
    "code": "E160f",
    "name": "Ethyl ester of beta-apo-8'-carotenic acid (C 30)",
    "risk": "suspicious"
  },
  {
    "code": "E161a",
    "name": "Flavoxanthin",
    "risk": "safe"
  },
  {
    "code": "E161b",
    "name": "Lutein",
    "risk": "safe"
  },
  {
    "code": "E161c",
    "name": "Cryptoxanthin",
    "risk": "unknown"
  },
  {
    "code": "E161d",
    "name": "Rubixanthin, Natural yellow 27",
    "risk": "unknown"
  },
  {
    "code": "E161e",
    "name": "Violaxanthin, Zeaxanthin diepoxide",
    "risk": "unknown"
  },
  {
    "code": "E161f",
    "name": "Rhodoxanthin",
    "risk": "unknown"
  },
  {
    "code": "E161g",
    "name": "Canthaxanthin",
    "risk": "suspicious"
  },
  {
    "code": "E161h",
    "name": "Zeaxanthin",
    "risk": "unknown"
  },
  {
    "code": "E161i",
    "name": "Citranaxanthin",
    "risk": "unknown"
  },
  {
    "code": "E161j",
    "name": "Astaxanthin",
    "risk": "unknown"
  },
  {
    "code": "E162",
    "name": "Beetroot Red, Betanin",
    "risk": "safe"
  },
  {
    "code": "E163",
    "name": "Anthocyanins (Cyanidin, Delphinidin, Malvidin, Pelargonidin, Peonidin, Petunidin, Grape peel extract, Anthocyan Mixture, Black currant extract)",
    "risk": "safe"
  },
  {
    "code": "E170",
    "name": "Calcium carbonate, Calcium hydrogen carbonate",
    "risk": "unknown"
  },
  {
    "code": "E171",
    "name": "Titanium dioxide",
    "risk": "unknown"
  },
  {
    "code": "E172",
    "name": "Iron oxides and iron hydroxides: Black iron oxide, Red iron oxide, Yellow iron oxide",
    "risk": "unknown"
  },
  {
    "code": "E173",
    "name": "Aluminium",
    "risk": "avoid"
  },
  {
    "code": "E174",
    "name": "Silver",
    "risk": "avoid"
  },
  {
    "code": "E175",
    "name": "Gold",
    "risk": "unknown"
  },
  {
    "code": "E180",
    "name": "Litholrubine BK, Pigment Rubine",
    "risk": "avoid"
  },
  {
    "code": "E181",
    "name": "Tannin",
    "risk": "unknown"
  },
  {
    "code": "E182",
    "name": "Orcein, Orchil, Citrus Red2, Lacmus, Archil",
    "risk": "unknown"
  },
  {
    "code": "E200",
    "name": "Sorbic acid",
    "risk": "suspicious"
  },
  {
    "code": "E201",
    "name": "Sodium sorbate",
    "risk": "unknown"
  },
  {
    "code": "E202",
    "name": "Potassium sorbate",
    "risk": "unknown"
  },
  {
    "code": "E203",
    "name": "Calcium sorbate",
    "risk": "unknown"
  },
  {
    "code": "E209",
    "name": "Heptyl p-hydroxybenzoate, heptylparaben",
    "risk": "avoid"
  },
  {
    "code": "E210",
    "name": "Benzoic acid",
    "risk": "avoid"
  },
  {
    "code": "E211",
    "name": "Sodium benzoate, benzoate of soda",
    "risk": "danger"
  },
  {
    "code": "E212",
    "name": "Potassium benzoate",
    "risk": "danger"
  },
  {
    "code": "E213",
    "name": "Calcium benzoate",
    "risk": "avoid"
  },
  {
    "code": "E214",
    "name": "Ethylparaben, Ethyl para-hydroxybenzoate",
    "risk": "avoid"
  },
  {
    "code": "E215",
    "name": "Sodium ethylparaben, Sodium ethyl para-hydroxybenzoate",
    "risk": "unknown"
  },
  {
    "code": "E216",
    "name": "Propylparaben, Propyl para-hydroxybenzoate",
    "risk": "danger"
  },
  {
    "code": "E217",
    "name": "Sodium propyl para-hydroxybenzoate",
    "risk": "danger"
  },
  {
    "code": "E218",
    "name": "Methylparaben, methyl para-hydroxybenzoate",
    "risk": "avoid"
  },
  {
    "code": "E219",
    "name": "Sodium methyl para-hydroxybenzoate",
    "risk": "avoid"
  },
  {
    "code": "E220",
    "name": "Sulphur dioxide",
    "risk": "avoid"
  },
  {
    "code": "E221",
    "name": "Sodium sulphite",
    "risk": "avoid"
  },
  {
    "code": "E222",
    "name": "Sodium bisulphite, Sodium hydrogen sulphite",
    "risk": "avoid"
  },
  {
    "code": "E223",
    "name": "Sodium metabisulphite, sodium pyrosulphite",
    "risk": "avoid"
  },
  {
    "code": "E224",
    "name": "Potassium metabisulphite",
    "risk": "avoid"
  },
  {
    "code": "E225",
    "name": "Potassium sulphite",
    "risk": "avoid"
  },
  {
    "code": "E226",
    "name": "Calcium sulphite",
    "risk": "avoid"
  },
  {
    "code": "E227",
    "name": "Calcium hydrogen sulphite, Calcium metabisulphite, Calcium bisulphite",
    "risk": "avoid"
  },
  {
    "code": "E228",
    "name": "Potassium hydrogen sulphite, Potassium bisulphite",
    "risk": "avoid"
  },
  {
    "code": "E230",
    "name": "Biphenyl, diphenyl, phenylbenzene",
    "risk": "avoid"
  },
  {
    "code": "E231",
    "name": "Orthophenyl phenol",
    "risk": "avoid"
  },
  {
    "code": "E232",
    "name": "Sodium orthophenyl phenol",
    "risk": "avoid"
  },
  {
    "code": "E233",
    "name": "Thiabendazole",
    "risk": "avoid"
  },
  {
    "code": "E234",
    "name": "Nisin",
    "risk": "suspicious"
  },
  {
    "code": "E235",
    "name": "Natamycin, Pimaracin",
    "risk": "suspicious"
  },
  {
    "code": "E236",
    "name": "Formic acid",
    "risk": "unknown"
  },
  {
    "code": "E237",
    "name": "Sodium formate",
    "risk": "unknown"
  },
  {
    "code": "E238",
    "name": "Calcium formate",
    "risk": "unknown"
  },
  {
    "code": "E239",
    "name": "Hexamine, hexamethylene tetramine",
    "risk": "avoid"
  },
  {
    "code": "E240",
    "name": "Formaldehyde",
    "risk": "danger"
  },
  {
    "code": "E242",
    "name": "Dimethyl dicarbonate, DMDC",
    "risk": "safe"
  },
  {
    "code": "E249",
    "name": "Potassium nitrite",
    "risk": "danger"
  },
  {
    "code": "E250",
    "name": "Sodium nitrite",
    "risk": "danger"
  },
  {
    "code": "E251",
    "name": "Sodium nitrate, Chile saltpeter",
    "risk": "danger"
  },
  {
    "code": "E252",
    "name": "Potassium nitrate, Saltpetre",
    "risk": "danger"
  },
  {
    "code": "E260",
    "name": "Acetic acid, ethanoic acid",
    "risk": "safe"
  },
  {
    "code": "E261",
    "name": "Potassium acetate",
    "risk": "suspicious"
  },
  {
    "code": "E262",
    "name": "Sodium acetate, Sodium diacetate (sodium hydrogen acetate)",
    "risk": "suspicious"
  },
  {
    "code": "E263",
    "name": "Calcium acetate",
    "risk": "suspicious"
  },
  {
    "code": "E264",
    "name": "Ammonium acetate",
    "risk": "avoid"
  },
  {
    "code": "E265",
    "name": "Dehydroacetic acid",
    "risk": "unknown"
  },
  {
    "code": "E266",
    "name": "Sodium dehydroacetate",
    "risk": "unknown"
  },
  {
    "code": "E270",
    "name": "Lactic acid",
    "risk": "suspicious"
  },
  {
    "code": "E280",
    "name": "Propionic acid",
    "risk": "avoid"
  },
  {
    "code": "E281",
    "name": "Sodium propionate",
    "risk": "avoid"
  },
  {
    "code": "E282",
    "name": "Calcium propionate",
    "risk": "suspicious"
  },
  {
    "code": "E283",
    "name": "Potassium propionate",
    "risk": "avoid"
  },
  {
    "code": "E284",
    "name": "Boric acid",
    "risk": "avoid"
  },
  {
    "code": "E285",
    "name": "Sodium tetraborate, Borax",
    "risk": "avoid"
  },
  {
    "code": "E290",
    "name": "Carbon dioxide",
    "risk": "safe"
  },
  {
    "code": "E296",
    "name": "Malic acid",
    "risk": "suspicious"
  },
  {
    "code": "E297",
    "name": "Fumaric acid",
    "risk": "safe"
  },
  {
    "code": "E300",
    "name": "Ascorbic acid (Vitamin C)",
    "risk": "safe"
  },
  {
    "code": "E301",
    "name": "Sodium ascorbate",
    "risk": "safe"
  },
  {
    "code": "E302",
    "name": "Calcium ascorbate",
    "risk": "safe"
  },
  {
    "code": "E303",
    "name": "Potassium ascorbate",
    "risk": "unknown"
  },
  {
    "code": "E304",
    "name": "Ascorbyl palmitate",
    "risk": "suspicious"
  },
  {
    "code": "E305",
    "name": "Ascorbyl stearate",
    "risk": "unknown"
  },
  {
    "code": "E306",
    "name": "Tocopherols",
    "risk": "safe"
  },
  {
    "code": "E307",
    "name": "Alpha-tocopherol",
    "risk": "safe"
  },
  {
    "code": "E308",
    "name": "Gamma-tocopherol",
    "risk": "safe"
  },
  {
    "code": "E309",
    "name": "Delta-tocopherol",
    "risk": "safe"
  },
  {
    "code": "E310",
    "name": "Propyl gallate",
    "risk": "avoid"
  },
  {
    "code": "E311",
    "name": "Octyl gallate",
    "risk": "avoid"
  },
  {
    "code": "E312",
    "name": "Dodecyl gallate",
    "risk": "avoid"
  },
  {
    "code": "E313",
    "name": "Ethyl gallate",
    "risk": "suspicious"
  },
  {
    "code": "E314",
    "name": "Guaiac resin",
    "risk": "suspicious"
  },
  {
    "code": "E315",
    "name": "Erythorbic acid",
    "risk": "safe"
  },
  {
    "code": "E316",
    "name": "Sodium erythorbate",
    "risk": "safe"
  },
  {
    "code": "E317",
    "name": "Erythorbin acid",
    "risk": "suspicious"
  },
  {
    "code": "E318",
    "name": "Sodium erythorbin",
    "risk": "unknown"
  },
  {
    "code": "E319",
    "name": "Tert-Butylhydroquinone, TBHQ",
    "risk": "suspicious"
  },
  {
    "code": "E320",
    "name": "Butylated hydroxyanisole, BHA",
    "risk": "avoid"
  },
  {
    "code": "E321",
    "name": "Butylated hydroxytoluene, BHT",
    "risk": "avoid"
  },
  {
    "code": "E322",
    "name": "Lecithin",
    "risk": "safe"
  },
  {
    "code": "E323",
    "name": "Anoxomer",
    "risk": "unknown"
  },
  {
    "code": "E324",
    "name": "Ethoxyquin",
    "risk": "unknown"
  },
  {
    "code": "E325",
    "name": "Sodium lactate",
    "risk": "suspicious"
  },
  {
    "code": "E326",
    "name": "Potassium lactate",
    "risk": "suspicious"
  },
  {
    "code": "E327",
    "name": "Calcium lactate",
    "risk": "suspicious"
  },
  {
    "code": "E328",
    "name": "Ammonium lactate",
    "risk": "unknown"
  },
  {
    "code": "E329",
    "name": "Magnesium lactate",
    "risk": "unknown"
  },
  {
    "code": "E330",
    "name": "Citric acid",
    "risk": "safe"
  },
  {
    "code": "E331",
    "name": "Sodium citrates: Monosodium citrate, Disodium citrate, Sodium citrate (trisodium citrate)",
    "risk": "safe"
  },
  {
    "code": "E332",
    "name": "Potassium citrates: Monopotassium citrate, Potassium citrate(tripotassium citrate)",
    "risk": "safe"
  },
  {
    "code": "E333",
    "name": "Calcium citrates: Monocalcium citrate, Dicalcium citrate, Calcium citrate (tricalcium citrate)",
    "risk": "safe"
  },
  {
    "code": "E334",
    "name": "Tartaric acid",
    "risk": "suspicious"
  },
  {
    "code": "E335",
    "name": "Sodium tartrates: Monosodium tartrate, Disodium tartrate",
    "risk": "suspicious"
  },
  {
    "code": "E336",
    "name": "Potassium tartrates: Monopotassium tartrate (cream of tartar), Dipotassium tartrate",
    "risk": "suspicious"
  },
  {
    "code": "E337",
    "name": "Sodium potassium tartrate",
    "risk": "suspicious"
  },
  {
    "code": "E338",
    "name": "Orthophosphoric acid",
    "risk": "safe"
  },
  {
    "code": "E339",
    "name": "Sodium phosphates: Monosodium phosphate, Disodium phosphate, Trisodium phosphate",
    "risk": "safe"
  },
  {
    "code": "E340",
    "name": "Potassium phosphates: Monopotassium phosphate, Dipotassium phosphate, Tripotassium phosphate",
    "risk": "safe"
  },
  {
    "code": "E341",
    "name": "Calcium phosphates: Monocalcium phosphate, Dicalcium phosphate, Tricalcium phosphate",
    "risk": "safe"
  },
  {
    "code": "E342",
    "name": "Ammonium phosphates: Monoammonium phosphate, Diammonium phosphate",
    "risk": "unknown"
  },
  {
    "code": "E343",
    "name": "Magnesium phosphates: Monomagnesium phosphate, Dimagnesium phosphate",
    "risk": "safe"
  },
  {
    "code": "E344",
    "name": "Lecitin citrate",
    "risk": "unknown"
  },
  {
    "code": "E345",
    "name": "Magnesium citrate",
    "risk": "unknown"
  },
  {
    "code": "E349",
    "name": "Ammonium malate",
    "risk": "unknown"
  },
  {
    "code": "E350",
    "name": "Sodium malates: Sodium malate, Sodium hydrogen malate",
    "risk": "suspicious"
  },
  {
    "code": "E351",
    "name": "Potassium malate",
    "risk": "suspicious"
  },
  {
    "code": "E352",
    "name": "Calcium malates: Calcium malate, Calcium hydrogen malate",
    "risk": "suspicious"
  },
  {
    "code": "E353",
    "name": "Metatartaric acid",
    "risk": "suspicious"
  },
  {
    "code": "E354",
    "name": "Calcium tartrate",
    "risk": "unknown"
  },
  {
    "code": "E355",
    "name": "Adipic acid",
    "risk": "unknown"
  },
  {
    "code": "E356",
    "name": "Sodium adipate",
    "risk": "unknown"
  },
  {
    "code": "E357",
    "name": "Potassium adipate",
    "risk": "unknown"
  },
  {
    "code": "E359",
    "name": "Ammonium adipate",
    "risk": "unknown"
  },
  {
    "code": "E363",
    "name": "Succinic acid",
    "risk": "unknown"
  },
  {
    "code": "E365",
    "name": "Sodium fumarate",
    "risk": "unknown"
  },
  {
    "code": "E366",
    "name": "Potassium fumarate",
    "risk": "unknown"
  },
  {
    "code": "E367",
    "name": "Calcium fumarate",
    "risk": "unknown"
  },
  {
    "code": "E368",
    "name": "Ammonium fumarate",
    "risk": "unknown"
  },
  {
    "code": "E370",
    "name": "Heptonolactone 1,4",
    "risk": "unknown"
  },
  {
    "code": "E375",
    "name": "Niacin, nicotinic acid, vitamin B3",
    "risk": "suspicious"
  },
  {
    "code": "E380",
    "name": "Triammonium citrate",
    "risk": "suspicious"
  },
  {
    "code": "E381",
    "name": "Ammonium ferric citrate",
    "risk": "suspicious"
  },
  {
    "code": "E383",
    "name": "Calcium glycerylphosphate",
    "risk": "unknown"
  },
  {
    "code": "E384",
    "name": "Isopropyl citrate",
    "risk": "unknown"
  },
  {
    "code": "E385",
    "name": "Calcium disodium ethylene diamine tetraacetate, Calcium disodium EDTA",
    "risk": "suspicious"
  },
  {
    "code": "E386",
    "name": "Disodium ethylene diamine tetraacetate, Disodium EDTA",
    "risk": "suspicious"
  },
  {
    "code": "E387",
    "name": "Oxystearin",
    "risk": "unknown"
  },
  {
    "code": "E388",
    "name": "Thiodipropionic acid",
    "risk": "unknown"
  },
  {
    "code": "E389",
    "name": "Dilauryl thiodipropionate",
    "risk": "unknown"
  },
  {
    "code": "E390",
    "name": "Distearyl thiodipropionate",
    "risk": "unknown"
  },
  {
    "code": "E391",
    "name": "Phytic acid",
    "risk": "unknown"
  },
  {
    "code": "E392",
    "name": "Extracts of rosemary",
    "risk": "unknown"
  },
  {
    "code": "E399",
    "name": "Calcium lactobionate",
    "risk": "unknown"
  },
   {
    "code": "E400",
    "name": "Alginic acid",
    "risk": "safe"
  },
  {
    "code": "E401",
    "name": "Sodium alginate",
    "risk": "safe"
  },
  {
    "code": "E402",
    "name": "Potassium alginate",
    "risk": "safe"
  },
  {
    "code": "E403",
    "name": "Ammonium alginate",
    "risk": "safe"
  },
  {
    "code": "E404",
    "name": "Calcium alginate",
    "risk": "safe"
  },
  {
    "code": "E405",
    "name": "Propanediol 1,2 alginate",
    "risk": "safe"
  },
  {
    "code": "E406",
    "name": "Agar",
    "risk": "safe"
  },
  {
    "code": "E407",
    "name": "Carrageenan",
    "risk": "avoid"
  },
  {
    "code": "E407a",
    "name": "Processed eucheuma seaweed",
    "risk": "suspicious"
  },
  {
    "code": "E408",
    "name": "Furcellaran",
    "risk": "unknown"
  },
  {
    "code": "E409",
    "name": "Arabinogalactan Larch Gum",
    "risk": "unknown"
  },
  {
    "code": "E410",
    "name": "Locust bean gum, Carob bean gum",
    "risk": "safe"
  },
  {
    "code": "E411",
    "name": "Oat gum",
    "risk": "unknown"
  },
  {
    "code": "E412",
    "name": "Guar gum, guaran",
    "risk": "suspicious"
  },
  {
    "code": "E413",
    "name": "Tragacanth",
    "risk": "suspicious"
  },
  {
    "code": "E414",
    "name": "Acacia gum, Gum arabic",
    "risk": "avoid"
  },
  {
    "code": "E415",
    "name": "Xanthan gum",
    "risk": "safe"
  },
  {
    "code": "E416",
    "name": "Karaya gum",
    "risk": "suspicious"
  },
  {
    "code": "E417",
    "name": "Tara gum",
    "risk": "suspicious"
  },
  {
    "code": "E418",
    "name": "Gellan gum",
    "risk": "suspicious"
  },
  {
    "code": "E419",
    "name": "Gum ghatti",
    "risk": "unknown"
  },
  {
    "code": "E420",
    "name": "Sorbitol, Sorbitol syrup",
    "risk": "suspicious"
  },
  {
    "code": "E421",
    "name": "Mannitol",
    "risk": "avoid"
  },
  {
    "code": "E422",
    "name": "Glycerol, Glycerin",
    "risk": "suspicious"
  },
  {
    "code": "E424",
    "name": "Curdlan gum",
    "risk": "unknown"
  },
  {
    "code": "E425",
    "name": "Konjac: Konjac gum, Konjac glucomannane",
    "risk": "suspicious"
  },
  {
    "code": "E426",
    "name": "Soybean hemicellulose",
    "risk": "unknown"
  },
  {
    "code": "E427",
    "name": "Cassia gum",
    "risk": "unknown"
  },
  {
    "code": "E429",
    "name": "Peptones",
    "risk": "unknown"
  },
  {
    "code": "E430",
    "name": "Polyoxyethene (8) stearate",
    "risk": "unknown"
  },
  {
    "code": "E431",
    "name": "Polyoxyethene (40) stearate",
    "risk": "unknown"
  },
  {
    "code": "E432",
    "name": "Polyoxyethene (20) sorbitan monolaurate, Polysorbate 20",
    "risk": "unknown"
  },
  {
    "code": "E433",
    "name": "Polyoxyethene (20) sorbitan monooleate, Polysorbate 80",
    "risk": "unknown"
  },
  {
    "code": "E434",
    "name": "Polyoxyethene (20) sorbitan monopalmitate, Polysorbate 40",
    "risk": "unknown"
  },
  {
    "code": "E435",
    "name": "Polyoxyethene (20) sorbitan monostearate, Polysorbate 60",
    "risk": "unknown"
  },
  {
    "code": "E436",
    "name": "Polyoxyethene (20) sorbitan tristearate, Polysorbate 65",
    "risk": "unknown"
  },
  {
    "code": "E440",
    "name": "Pectins: Pectin, Amidated pectin",
    "risk": "suspicious"
  },
  {
    "code": "E441",
    "name": "Gelatine",
    "risk": "suspicious"
  },
  {
    "code": "E442",
    "name": "Ammonium phosphatides",
    "risk": "suspicious"
  },
  {
    "code": "E443",
    "name": "Brominated vegetable oil, BVO",
    "risk": "avoid"
  },
  {
    "code": "E444",
    "name": "Sucrose acetate isobutyrate",
    "risk": "unknown"
  },
  {
    "code": "E445",
    "name": "Glycerol esters of wood rosins",
    "risk": "unknown"
  },
  {
    "code": "E446",
    "name": "Succistearin",
    "risk": "unknown"
  },
  {
    "code": "E450",
    "name": "Diphosphates: Dicalcium diphosphate, Sodium and potassium pyrophosphates",
    "risk": "unknown"
  },
  {
    "code": "E451",
    "name": "Triphosphates: Sodium triphosphate, Pentapotassium triphosphate",
    "risk": "unknown"
  },
  {
    "code": "E452",
    "name": "Polyphosphates: Sodium polyphosphates, Potassium polyphosphates, Sodium calcium polyphosphate, Calcium polyphosphates, Ammonium polyphosphate",
    "risk": "unknown"
  },
  {
    "code": "E459",
    "name": "Beta-cyclodextrin",
    "risk": "unknown"
  },
  {
    "code": "E460",
    "name": "Cellulose: Microcrystalline cellulose, Powdered cellulose",
    "risk": "suspicious"
  },
  {
    "code": "E461",
    "name": "Methyl cellulose",
    "risk": "suspicious"
  },
  {
    "code": "E462",
    "name": "Ethyl cellulose",
    "risk": "unknown"
  },
  {
    "code": "E463",
    "name": "Hydroxypropyl cellulose",
    "risk": "suspicious"
  },
  {
    "code": "E464",
    "name": "Hydroxy propyl methyl cellulose, Hypromellose",
    "risk": "suspicious"
  },
  {
    "code": "E465",
    "name": "Ethyl methyl cellulose",
    "risk": "suspicious"
  },
  {
    "code": "E466",
    "name": "Carboxymethyl cellulose, Sodium carboxy methyl cellulose",
    "risk": "suspicious"
  },
  {
    "code": "E467",
    "name": "Ethulose, Ethyl hydroxyethyl cellulose",
    "risk": "unknown"
  },
  {
    "code": "E468",
    "name": "Crosslinked sodium carboxy methyl cellulose, Croscarmellose",
    "risk": "suspicious"
  },
  {
    "code": "E469",
    "name": "Enzymically hydrolysed carboxy methyl cellulose",
    "risk": "suspicious"
  },
  {
    "code": "E470a",
    "name": "Sodium, potassium and calcium salts of fatty acids",
    "risk": "unknown"
  },
  {
    "code": "E470b",
    "name": "Magnesium salts of fatty acids",
    "risk": "unknown"
  },
  {
    "code": "E471",
    "name": "Mono- and diglycerides of fatty acids, Glyceryl monostearate, Glyceryl distearate",
    "risk": "safe"
  },
  {
    "code": "E472a",
    "name": "Acetic acid esters of mono- and diglycerides of fatty acids",
    "risk": "safe"
  },
  {
    "code": "E472b",
    "name": "Lactic acid esters of mono- and diglycerides of fatty acids",
    "risk": "safe"
  },
  {
    "code": "E472c",
    "name": "Citric acid esters of mono- and diglycerides of fatty acids",
    "risk": "safe"
  },
  {
    "code": "E472d",
    "name": "Tartaric acid esters of mono- and diglycerides of fatty acids",
    "risk": "unknown"
  },
  {
    "code": "E472e",
    "name": "Mono- and diacetyl tartaric acid esters of mono- and diglycerides of fatty acids",
    "risk": "safe"
  },
  {
    "code": "E472f",
    "name": "Mixed acetic and tartaric acid esters of mono- and diglycerides of fatty acids",
    "risk": "safe"
  },
  {
    "code": "E472g",
    "name": "Succinylated monoglycerides",
    "risk": "unknown"
  },
  {
    "code": "E473",
    "name": "Sucrose esters of fatty acids",
    "risk": "safe"
  },
  {
    "code": "E474",
    "name": "Sucroglycerides",
    "risk": "suspicious"
  },
  {
    "code": "E475",
    "name": "Polyglycerol esters of fatty acids",
    "risk": "safe"
  },
  {
    "code": "E476",
    "name": "Polyglycerol polyricinoleate",
    "risk": "safe"
  },
  {
    "code": "E477",
    "name": "Propanediol 1,2 esters of fatty acids, Propylene glycol esters of fatty acids",
    "risk": "suspicious"
  },
  {
    "code": "E478",
    "name": "Lactylated fatty acid esters of glycerol and propane-1",
    "risk": "unknown"
  },
  {
    "code": "E479b",
    "name": "Thermally oxidized soya bean oil interacted with mono- and diglycerides of fatty acids",
    "risk": "suspicious"
  },
  {
    "code": "E480",
    "name": "Dioctyl sodium sulphosuccinate",
    "risk": "unknown"
  },
  {
    "code": "E481",
    "name": "Sodium stearoyl-2-lactylate",
    "risk": "safe"
  },
  {
    "code": "E482",
    "name": "Calcium stearoyl-2-lactylate",
    "risk": "safe"
  },
  {
    "code": "E483",
    "name": "Stearyl tartrate",
    "risk": "unknown"
  },
  {
    "code": "E484",
    "name": "Stearyl citrate",
    "risk": "unknown"
  },
  {
    "code": "E485",
    "name": "Sodium stearoyl fumarate",
    "risk": "unknown"
  },
  {
    "code": "E486",
    "name": "Calcium stearoyl fumarate",
    "risk": "unknown"
  },
  {
    "code": "E487",
    "name": "Sodium laurylsulphate",
    "risk": "unknown"
  },
  {
    "code": "E488",
    "name": "Ethoxylated Mono- and Di-Glycerides",
    "risk": "unknown"
  },
  {
    "code": "E489",
    "name": "Methyl glucoside-coconut oil ester",
    "risk": "unknown"
  },
  {
    "code": "E490",
    "name": "Propanediol 1,2",
    "risk": "unknown"
  },
  {
    "code": "E491",
    "name": "Sorbitan monostearate",
    "risk": "safe"
  },
  {
    "code": "E492",
    "name": "Sorbitan tristearate",
    "risk": "safe"
  },
  {
    "code": "E493",
    "name": "Sorbitan monolaurate",
    "risk": "unknown"
  },
  {
    "code": "E494",
    "name": "Sorbitan monooleate",
    "risk": "unknown"
  },
  {
    "code": "E495",
    "name": "Sorbitan monopalmitate",
    "risk": "unknown"
  },
  {
    "code": "E496",
    "name": "Sorbitan trioleate",
    "risk": "unknown"
  },
  {
    "code": "E497",
    "name": "Polyoxypropylene-polyoxyethylene polymers",
    "risk": "unknown"
  },
  {
    "code": "E498",
    "name": "Partial polyglycerol esters of polycondensed fatty acids of castor oil",
    "risk": "unknown"
  },
  {
    "code": "E499",
    "name": "Cassia gum 2",
    "risk": "unknown"
  },
  {
    "code": "E500",
    "name": "Sodium carbonates: Sodium carbonate, Sodium bicarbonate (Sodium hydrogen carbonate), Sodium sesquicarbonate",
    "risk": "safe"
  },
  {
    "code": "E501",
    "name": "Potassium carbonates: Potassium carbonate, Potassium bicarbonate (Potassium hydrogen carbonate)",
    "risk": "safe"
  },
  {
    "code": "E503",
    "name": "Ammonium carbonates: Ammonium carbonate, Ammonium bicarbonate (Ammonium hydrogen carbonate)",
    "risk": "safe"
  },
  {
    "code": "E504",
    "name": "Magnesium carbonates: Magnesium carbonate, Magnesium bicarbonate, Magnesium hydrogen carbonate",
    "risk": "safe"
  },
  {
    "code": "E505",
    "name": "Ferrous carbonate",
    "risk": "safe"
  },
  {
    "code": "E507",
    "name": "Hydrochloric acid",
    "risk": "safe"
  },
  {
    "code": "E508",
    "name": "Potassium chloride",
    "risk": "suspicious"
  },
  {
    "code": "E509",
    "name": "Calcium chloride",
    "risk": "safe"
  },
  {
    "code": "E510",
    "name": "Ammonium chloride, ammonia solution",
    "risk": "suspicious"
  },
  {
    "code": "E511",
    "name": "Magnesium chloride",
    "risk": "safe"
  },
  {
    "code": "E512",
    "name": "Stannous chloride",
    "risk": "suspicious"
  },
  {
    "code": "E513",
    "name": "Sulphuric acid",
    "risk": "unknown"
  },
  {
    "code": "E514",
    "name": "Sodium sulphates: Sodium sulphate, Sodium hydrogen sulfat",
    "risk": "suspicious"
  },
  {
    "code": "E515",
    "name": "Potassium Sulphates: Potassium Sulphate, Potassium hydrogen sulfat",
    "risk": "suspicious"
  },
  {
    "code": "E516",
    "name": "Calcium sulphate",
    "risk": "suspicious"
  },
  {
    "code": "E517",
    "name": "Ammonium sulphate",
    "risk": "unknown"
  },
  {
    "code": "E518",
    "name": "Magnesium sulphate, Epsom salts",
    "risk": "unknown"
  },
  {
    "code": "E519",
    "name": "Copper(II) sulphate",
    "risk": "unknown"
  },
  {
    "code": "E520",
    "name": "Aluminium sulphate",
    "risk": "unknown"
  },
  {
    "code": "E521",
    "name": "Aluminium sodium sulphate",
    "risk": "unknown"
  },
  {
    "code": "E522",
    "name": "Aluminium potassium sulphate",
    "risk": "unknown"
  },
  {
    "code": "E523",
    "name": "Aluminium ammonium sulphate",
    "risk": "unknown"
  },
  {
    "code": "E524",
    "name": "Sodium hydroxide",
    "risk": "unknown"
  },
  {
    "code": "E525",
    "name": "Potassium hydroxide",
    "risk": "unknown"
  },
  {
    "code": "E526",
    "name": "Calcium hydroxide",
    "risk": "suspicious"
  },
  {
    "code": "E527",
    "name": "Ammonium hydroxide",
    "risk": "unknown"
  },
  {
    "code": "E528",
    "name": "Magnesium hydroxide",
    "risk": "unknown"
  },
  {
    "code": "E529",
    "name": "Calcium oxide",
    "risk": "safe"
  },
  {
    "code": "E530",
    "name": "Magnesium oxide",
    "risk": "safe"
  },
  {
    "code": "E535",
    "name": "Sodium ferrocyanide, Yellow prussiate of soda, YPS",
    "risk": "unknown"
  },
  {
    "code": "E536",
    "name": "Potassium ferrocyanide, Yellow prussiate of potash",
    "risk": "suspicious"
  },
  {
    "code": "E537",
    "name": "Ferrous hexacyanomanganate",
    "risk": "suspicious"
  },
  {
    "code": "E538",
    "name": "Calcium ferrocyanide, Yellow prussiate of lime",
    "risk": "suspicious"
  },
  {
    "code": "E539",
    "name": "Sodium thiosulphate",
    "risk": "unknown"
  },
  {
    "code": "E540",
    "name": "Dicalcium diphosphate",
    "risk": "unknown"
  },
  {
    "code": "E541",
    "name": "Sodium aluminium phosphate: Acidic, Basic",
    "risk": "unknown"
  },
  {
    "code": "E542",
    "name": "Bone phosphate, Essentiale Calcium Phosphate, Tribasic",
    "risk": "unknown"
  },
  {
    "code": "E543",
    "name": "Calcium sodium polyphosphate",
    "risk": "unknown"
  },
  {
    "code": "E544",
    "name": "Calcium polyphosphate",
    "risk": "unknown"
  },
  {
    "code": "E545",
    "name": "Ammonium polyphosphate",
    "risk": "unknown"
  },
  {
    "code": "E546",
    "name": "Magnesium pyrophosphate",
    "risk": "unknown"
  },
  {
    "code": "E550",
    "name": "Sodium Silicates: Sodium silicate, Sodium metasilicate",
    "risk": "unknown"
  },
  {
    "code": "E551",
    "name": "Silicon dioxide, Silica",
    "risk": "unknown"
  },
  {
    "code": "E552",
    "name": "Calcium silicate",
    "risk": "unknown"
  },
  {
    "code": "E553a",
    "name": "Magnesium silicate, Magnesium trisilicate",
    "risk": "unknown"
  },
  {
    "code": "E553b",
    "name": "Talc",
    "risk": "unknown"
  },
  {
    "code": "E554",
    "name": "Sodium aluminium silicate, Aluminosilicic acid, Aluminum sodium silicate",
    "risk": "unknown"
  },
  {
    "code": "E555",
    "name": "Potassium aluminium silicate",
    "risk": "unknown"
  },
  {
    "code": "E556",
    "name": "Calcium aluminosilicate",
    "risk": "suspicious"
  },
  {
    "code": "E557",
    "name": "Zinc silicate",
    "risk": "suspicious"
  },
  {
    "code": "E558",
    "name": "Bentonite",
    "risk": "unknown"
  },
  {
    "code": "E559",
    "name": "Aluminium silicate, Kaolin",
    "risk": "unknown"
  },
  {
    "code": "E560",
    "name": "Potassium silicate",
    "risk": "unknown"
  },
  {
    "code": "E561",
    "name": "Vermiculite",
    "risk": "unknown"
  },
  {
    "code": "E562",
    "name": "Sepiolite",
    "risk": "unknown"
  },
  {
    "code": "E563",
    "name": "Sepiolitic clay",
    "risk": "unknown"
  },
  {
    "code": "E565",
    "name": "Lignosulphonates",
    "risk": "unknown"
  },
  {
    "code": "E566",
    "name": "Natrolite-phonolite",
    "risk": "unknown"
  },
  {
    "code": "E570",
    "name": "Stearic acid",
    "risk": "unknown"
  },
  {
    "code": "E571",
    "name": "Ammonium stearate",
    "risk": "unknown"
  },
  {
    "code": "E572",
    "name": "Magnesium stearate, calcium stearate",
    "risk": "unknown"
  },
  {
    "code": "E573",
    "name": "Aluminium stearate",
    "risk": "unknown"
  },
  {
    "code": "E574",
    "name": "Gluconic acid",
    "risk": "unknown"
  },
  {
    "code": "E575",
    "name": "Glucono-delta-lactone",
    "risk": "unknown"
  },
  {
    "code": "E576",
    "name": "Sodium gluconate",
    "risk": "unknown"
  },
  {
    "code": "E577",
    "name": "Potassium gluconate",
    "risk": "unknown"
  },
  {
    "code": "E578",
    "name": "Calcium gluconate",
    "risk": "safe"
  },
  {
    "code": "E579",
    "name": "Ferrous gluconate",
    "risk": "suspicious"
  },
  {
    "code": "E580",
    "name": "Magnesium gluconate",
    "risk": "safe"
  },
  {
    "code": "E585",
    "name": "Ferrous lactate, Iron dilactate",
    "risk": "suspicious"
  },
  {
    "code": "E586",
    "name": "Hexylresorcinol 4",
    "risk": "suspicious"
  },
  {
    "code": "E598",
    "name": "Synthetic calcium aluminates",
    "risk": "unknown"
  },
  {
    "code": "E599",
    "name": "Perlite",
    "risk": "unknown"
  },
  {
    "code": "E620",
    "name": "Glutamic acid",
    "risk": "avoid"
  },
  {
    "code": "E621",
    "name": "Monosodium glutamate, MSG",
    "risk": "avoid"
  },
  {
    "code": "E622",
    "name": "Monopotassium glutamate",
    "risk": "avoid"
  },
  {
    "code": "E623",
    "name": "Calcium diglutamate",
    "risk": "avoid"
  },
  {
    "code": "E624",
    "name": "Monoammonium glutamate",
    "risk": "avoid"
  },
  {
    "code": "E625",
    "name": "Magnesium diglutamate",
    "risk": "avoid"
  },
  {
    "code": "E626",
    "name": "Guanylic acid",
    "risk": "avoid"
  },
  {
    "code": "E627",
    "name": "Disodium guanylate, Sodium guanylate",
    "risk": "avoid"
  },
  {
    "code": "E628",
    "name": "Dipotassium guanylate",
    "risk": "avoid"
  },
  {
    "code": "E629",
    "name": "Calcium guanylate",
    "risk": "avoid"
  },
  {
    "code": "E630",
    "name": "Inosinic acid,  IMP, hypoxanthine ribotide",
    "risk": "unknown"
  },
  {
    "code": "E631",
    "name": "Disodium inosinate",
    "risk": "unknown"
  },
  {
    "code": "E632",
    "name": "Dipotassium inosinate",
    "risk": "unknown"
  },
  {
    "code": "E633",
    "name": "Calcium inosinate",
    "risk": "unknown"
  },
  {
    "code": "E634",
    "name": "Calcium 5'-ribonucleotides",
    "risk": "unknown"
  },
  {
    "code": "E635",
    "name": "Disodium 5'-ribonucleotides",
    "risk": "unknown"
  },
  {
    "code": "E636",
    "name": "Maltol",
    "risk": "unknown"
  },
  {
    "code": "E637",
    "name": "Ethyl maltol",
    "risk": "unknown"
  },
  {
    "code": "E640",
    "name": "Glycine and its sodium salt",
    "risk": "unknown"
  },
  {
    "code": "E641",
    "name": "Leucine",
    "risk": "unknown"
  },
  {
    "code": "E642",
    "name": "Lysine hydrochloride",
    "risk": "unknown"
  },
  {
    "code": "E650",
    "name": "Zinc acetate",
    "risk": "unknown"
  },
  {
    "code": "E700",
    "name": "Bacitracin",
    "risk": "unknown"
  },
  {
    "code": "E701",
    "name": "Tetracyclines",
    "risk": "unknown"
  },
  {
    "code": "E702",
    "name": "Chlortetracycline",
    "risk": "unknown"
  },
  {
    "code": "E703",
    "name": "Oxytetracycline",
    "risk": "unknown"
  },
  {
    "code": "E704",
    "name": "Oleandomycin",
    "risk": "unknown"
  },
  {
    "code": "E705",
    "name": "Penicillin-G-potassium",
    "risk": "unknown"
  },
  {
    "code": "E706",
    "name": "Penicillin-G-sodium",
    "risk": "unknown"
  },
  {
    "code": "E707",
    "name": "Penicillin-G-procaine",
    "risk": "unknown"
  },
  {
    "code": "E708",
    "name": "Penicillin-G-benzathyne",
    "risk": "unknown"
  },
  {
    "code": "E710",
    "name": "Spiramycins",
    "risk": "unknown"
  },
  {
    "code": "E711",
    "name": "Virginiamycins",
    "risk": "unknown"
  },
  {
    "code": "E712",
    "name": "Flavomycin, Flavophospholipol",
    "risk": "unknown"
  },
  {
    "code": "E713",
    "name": "Tylosin",
    "risk": "unknown"
  },
  {
    "code": "E714",
    "name": "Monensin",
    "risk": "unknown"
  },
  {
    "code": "E715",
    "name": "Avoparcin",
    "risk": "unknown"
  },
  {
    "code": "E716",
    "name": "Salinomycin",
    "risk": "unknown"
  },
  {
    "code": "E717",
    "name": "Avilamycin",
    "risk": "unknown"
  },
  {
    "code": "E900",
    "name": "Dimethyl polysiloxane,  PDMS dimethicone",
    "risk": "unknown"
  },
  {
    "code": "E901",
    "name": "Beeswax , white and yellow",
    "risk": "unknown"
  },
  {
    "code": "E902",
    "name": "Candelilla wax",
    "risk": "unknown"
  },
  {
    "code": "E903",
    "name": "Carnauba wax, Brazil wax , Palm wax",
    "risk": "unknown"
  },
  {
    "code": "E904",
    "name": "Shellac",
    "risk": "unknown"
  },
  {
    "code": "E905",
    "name": "Paraffins",
    "risk": "unknown"
  },
  {
    "code": "E905a",
    "name": "Mineral oil",
    "risk": "unknown"
  },
  {
    "code": "E905b",
    "name": "Petrolatum, Vaseline",
    "risk": "unknown"
  },
  {
    "code": "E905c",
    "name": "Petroleum wax: Microcrystalline wax, Paraffin wax",
    "risk": "unknown"
  },
  {
    "code": "E906",
    "name": "Gum benzoic",
    "risk": "unknown"
  },
  {
    "code": "E907",
    "name": "Hydrogenated poly-1-decene",
    "risk": "unknown"
  },
  {
    "code": "E908",
    "name": "Rice bran wax",
    "risk": "unknown"
  },
  {
    "code": "E909",
    "name": "Spermaceti wax",
    "risk": "unknown"
  },
  {
    "code": "E910",
    "name": "Wax esters, L-cysteine",
    "risk": "unknown"
  },
  {
    "code": "E911",
    "name": "Methyl esters of fatty acids",
    "risk": "unknown"
  },
  {
    "code": "E912",
    "name": "Montanic acid esters",
    "risk": "unknown"
  },
  {
    "code": "E913",
    "name": "Lanolin, sheep wool grease",
    "risk": "unknown"
  },
  {
    "code": "E914",
    "name": "Oxidized polyethylene wax",
    "risk": "unknown"
  },
  {
    "code": "E915",
    "name": "Esters of colophony",
    "risk": "unknown"
  },
  {
    "code": "E916",
    "name": "Calcium iodate",
    "risk": "unknown"
  },
  {
    "code": "E917",
    "name": "Potassium iodate, Iodic acid, Potassium salt",
    "risk": "unknown"
  },
  {
    "code": "E918",
    "name": "Nitrogen oxides, Laughing gas, Sweet air",
    "risk": "unknown"
  },
  {
    "code": "E919",
    "name": "Nitrogen chloride",
    "risk": "unknown"
  },
  {
    "code": "E920",
    "name": "L-Cysteine hydrochlorides",
    "risk": "unknown"
  },
  {
    "code": "E921",
    "name": "L-cystine",
    "risk": "unknown"
  },
  {
    "code": "E922",
    "name": "Potassium persulphate",
    "risk": "unknown"
  },
  {
    "code": "E923",
    "name": "Ammonium persulphate",
    "risk": "unknown"
  },
  {
    "code": "E924",
    "name": "Potassium bromate",
    "risk": "unknown"
  },
  {
    "code": "E924b",
    "name": "Calcium bromate",
    "risk": "unknown"
  },
  {
    "code": "E925",
    "name": "Chlorine",
    "risk": "unknown"
  },
  {
    "code": "E926",
    "name": "Chlorine dioxide, Chloryl",
    "risk": "unknown"
  },
  {
    "code": "E927a",
    "name": "Azodicarbonamide, Azobisformamide, Diazenedicarboxamide",
    "risk": "unknown"
  },
  {
    "code": "E927b",
    "name": "Carbamide, Urea",
    "risk": "unknown"
  },
  {
    "code": "E928",
    "name": "Benzoyl peroxide",
    "risk": "suspicious"
  },
  {
    "code": "E929",
    "name": "Acetone peroxide",
    "risk": "suspicious"
  },
  {
    "code": "E930",
    "name": "Calcium peroxide",
    "risk": "unknown"
  },
  {
    "code": "E938",
    "name": "Argon",
    "risk": "unknown"
  },
  {
    "code": "E939",
    "name": "Helium",
    "risk": "unknown"
  },
  {
    "code": "E940",
    "name": "Dichlorodifluoromethane, Carbon dichloride difluoride, Freon 12, Propellant 12",
    "risk": "avoid"
  },
  {
    "code": "E941",
    "name": "Nitrogen",
    "risk": "safe"
  },
  {
    "code": "E942",
    "name": "Nitrous oxide, Laughing gas, Sweet air",
    "risk": "safe"
  },
  {
    "code": "E943a",
    "name": "Butane",
    "risk": "unknown"
  },
  {
    "code": "E943b",
    "name": "Iso-Butane, Methylpropane",
    "risk": "unknown"
  },
  {
    "code": "E944",
    "name": "Propane",
    "risk": "unknown"
  },
  {
    "code": "E945",
    "name": "Chloropentafluoroethane, Freon 115",
    "risk": "unknown"
  },
  {
    "code": "E946",
    "name": "Octafluorocyclobutane, Freon-C-318, Perfluorocyclobutane",
    "risk": "unknown"
  },
  {
    "code": "E948",
    "name": "Oxygen",
    "risk": "safe"
  },
  {
    "code": "E949",
    "name": "Hydrogen",
    "risk": "safe"
  },
  {
    "code": "E950",
    "name": "Acesulfame potassium",
    "risk": "unknown"
  },
  {
    "code": "E951",
    "name": "Aspartame",
    "risk": "danger"
  },
  {
    "code": "E952",
    "name": "Cyclamic acid and its sodium and calcium salts",
    "risk": "avoid"
  },
  {
    "code": "E953",
    "name": "Isomalt, Isomaltitol",
    "risk": "unknown"
  },
  {
    "code": "E954",
    "name": "Saccharin and its sodium, potassium and calcium salts",
    "risk": "danger"
  },
  {
    "code": "E955",
    "name": "Sucralose, Trichlorogalactosucrose, TGS",
    "risk": "unknown"
  },
  {
    "code": "E956",
    "name": "Alitame",
    "risk": "unknown"
  },
  {
    "code": "E957",
    "name": "Thaumatin",
    "risk": "unknown"
  },
  {
    "code": "E958",
    "name": "Glycyrrhizin",
    "risk": "unknown"
  },
  {
    "code": "E959",
    "name": "Neohesperidine dihydrochalcone",
    "risk": "unknown"
  },
  {
    "code": "E960",
    "name": "Steviol glycosides, Stevioside",
    "risk": "avoid"
  },
  {
    "code": "E961",
    "name": "Neotame",
    "risk": "unknown"
  },
  {
    "code": "E962",
    "name": "Aspartame-acesulfame salt",
    "risk": "avoid"
  },
  {
    "code": "E965",
    "name": "Maltitol, Maltitol syrup",
    "risk": "unknown"
  },
  {
    "code": "E966",
    "name": "Lactitol",
    "risk": "suspicious"
  },
  {
    "code": "E967",
    "name": "Xylitol, Xylite",
    "risk": "suspicious"
  },
  {
    "code": "E968",
    "name": "Erythritol",
    "risk": "unknown"
  },
  {
    "code": "E999",
    "name": "Quillaia extract",
    "risk": "unknown"
  },
  {
    "code": "E1000",
    "name": "Cholic acid",
    "risk": "unknown"
  },
  {
    "code": "E1001",
    "name": "Choline salts",
    "risk": "unknown"
  },
  {
    "code": "E1100",
    "name": "Amylase",
    "risk": "unknown"
  },
  {
    "code": "E1101",
    "name": "Proteases: Protease, Papain, Bromelain, Ficin",
    "risk": "unknown"
  },
  {
    "code": "E1102",
    "name": "Glucose oxidase",
    "risk": "unknown"
  },
  {
    "code": "E1103",
    "name": "Invertase",
    "risk": "avoid"
  },
  {
    "code": "E1104",
    "name": "Lipases",
    "risk": "unknown"
  },
  {
    "code": "E1105",
    "name": "Lysozyme",
    "risk": "suspicious"
  },
  {
    "code": "E1200",
    "name": "Polydextrose",
    "risk": "suspicious"
  },
  {
    "code": "E1201",
    "name": "Polyvinylpyrrolidone, PVP",
    "risk": "unknown"
  },
  {
    "code": "E1202",
    "name": "Polyvinylpolypyrrolidone",
    "risk": "unknown"
  },
  {
    "code": "E1203",
    "name": "Polyvinyl alcohol, PVA",
    "risk": "unknown"
  },
  {
    "code": "E1204",
    "name": "Pullulan",
    "risk": "unknown"
  },
  {
    "code": "E1400",
    "name": "Dextrin, Dextrins, Roasted starch white and yellow",
    "risk": "unknown"
  },
  {
    "code": "E1401",
    "name": "Acid-treated starch, Modified starch",
    "risk": "unknown"
  },
  {
    "code": "E1402",
    "name": "Alkaline modified starch",
    "risk": "unknown"
  },
  {
    "code": "E1403",
    "name": "Bleached starch",
    "risk": "unknown"
  },
  {
    "code": "E1404",
    "name": "Oxidized starch",
    "risk": "suspicious"
  },
  {
    "code": "E1405",
    "name": "Enzyme treated starch",
    "risk": "unknown"
  },
  {
    "code": "E1410",
    "name": "Monostarch phosphate",
    "risk": "unknown"
  },
  {
    "code": "E1411",
    "name": "Distarch glycerol",
    "risk": "unknown"
  },
  {
    "code": "E1412",
    "name": "Distarch phosphate",
    "risk": "unknown"
  },
  {
    "code": "E1413",
    "name": "Phosphated distarch phosphate",
    "risk": "unknown"
  },
  {
    "code": "E1414",
    "name": "Acetylated distarch phosphate",
    "risk": "suspicious"
  },
  {
    "code": "E1420",
    "name": "Acetylated starch",
    "risk": "suspicious"
  },
  {
    "code": "E1421",
    "name": "Starch acetate esterified with vinyl acetate",
    "risk": "suspicious"
  },
  {
    "code": "E1422",
    "name": "Acetylated distarch adipate",
    "risk": "unknown"
  },
  {
    "code": "E1423",
    "name": "Acetylated distarch glycerol",
    "risk": "unknown"
  },
  {
    "code": "E1430",
    "name": "Distarch glycerine",
    "risk": "unknown"
  },
  {
    "code": "E1440",
    "name": "Hydroxy propyl starch",
    "risk": "suspicious"
  },
  {
    "code": "E1441",
    "name": "Hydroxy propyl distarch glycerine",
    "risk": "suspicious"
  },
  {
    "code": "E1442",
    "name": "Hydroxy propyl distarch phosphate",
    "risk": "suspicious"
  },
  {
    "code": "E1443",
    "name": "Hydroxy propyl distarch glycerol",
    "risk": "unknown"
  },
  {
    "code": "E1450",
    "name": "Starch sodium octenyl succinate",
    "risk": "unknown"
  },
  {
    "code": "E1451",
    "name": "Acetylated oxidised starch",
    "risk": "unknown"
  },
  {
    "code": "E1452",
    "name": "Starch aluminium octenyl succinate",
    "risk": "unknown"
  },
  {
    "code": "E1501",
    "name": "Benzylated hydrocarbons",
    "risk": "unknown"
  },
  {
    "code": "E1502",
    "name": "Butanediol 1,3",
    "risk": "unknown"
  },
  {
    "code": "E1503",
    "name": "Castor oil",
    "risk": "unknown"
  },
  {
    "code": "E1504",
    "name": "Ethyl acetate",
    "risk": "unknown"
  },
  {
    "code": "E1505",
    "name": "Triethyl acetate or citrate",
    "risk": "avoid"
  },
  {
    "code": "E1510",
    "name": "Ethanol",
    "risk": "avoid"
  },
  {
    "code": "E1516",
    "name": "Glyceryl monoacetate",
    "risk": "unknown"
  },
  {
    "code": "E1517",
    "name": "Glyceryl diacetate, Diacetin",
    "risk": "unknown"
  },
  {
    "code": "E1518",
    "name": "Glyceryl triacetate, triacetin",
    "risk": "unknown"
  },
  {
    "code": "E1519",
    "name": "Benzyl alcohol",
    "risk": "unknown"
  },
  {
    "code": "E1520",
    "name": "Propylene glycol, Propandiol 1,2",
    "risk": "unknown"
  },
  {
    "code": "E1521",
    "name": "Polyethylene glycol 8000",
    "risk": "unknown"
  },
  {
    "code": "E1525",
    "name": "Hydroxy ethyl cellulose",
    "risk": "suspicious"
  }
]