[
  {
    "code": "E100",
    "name": "Curcumines, Jaune de curcumine",
    "risk": "Modérément toxique"
  },
  {
    "code": "E101",
    "name": "Riboflavines, Riboflavine 5'-phosphate, Vitamine B2",
    "risk": "Modérément toxique"
  },
  {
    "code": "E102",
    "name": "Tartrazine",
    "risk": "Très toxique"
  },
  {
    "code": "E104",
    "name": "Jaune de quinoléine, Jaune de quinoline",
    "risk": "Très toxique"
  },
  {
    "code": "E105",
    "name": "Jaune solide",
    "risk": "Très toxique"
  },
  {
    "code": "E107",
    "name": "Jaune 2G",
    "risk": "Toxique"
  },
  {
    "code": "E110",
    "name": "Jaune soleil FCF, Jaune orangé S",
    "risk": "Très toxique"
  },
  {
    "code": "E111",
    "name": "Orange GGN, Alpha-naphthol orange",
    "risk": "Très toxique"
  },
  {
    "code": "E120",
    "name": "Cochenille, Acide Carminique, Carmins",
    "risk": "Douteux"
  },
  {
    "code": "E121",
    "name": "Rouge citrus no. 2 (ex- Orseille, Orcéine)",
    "risk": "Très toxique"
  },
  {
    "code": "E122",
    "name": "Azorubine, Carmoisine",
    "risk": "Toxique"
  },
  {
    "code": "E123",
    "name": "Amarante, Amaranthe",
    "risk": "Très toxique"
  },
  {
    "code": "E124",
    "name": "Ponceau 4R, Rouge cochenille A",
    "risk": "Très toxique"
  },
  {
    "code": "E125",
    "name": "Ponceau SX",
    "risk": "Très toxique"
  },
  {
    "code": "E126",
    "name": "Ponceau 6R",
    "risk": "Très toxique"
  },
  {
    "code": "E127",
    "name": "Erythrosine",
    "risk": "Toxique"
  },
  {
    "code": "E128",
    "name": "Rouge 2G, Azogéranine",
    "risk": "Très toxique"
  },
  {
    "code": "E129",
    "name": "Rouge allura AC",
    "risk": "Très toxique"
  },
  {
    "code": "E130",
    "name": "Bleu anthraquinonique, Bleu solanthrène RS",
    "risk": "Très toxique"
  },
  {
    "code": "E131",
    "name": "Bleu patenté V",
    "risk": "Très toxique"
  },
  {
    "code": "E132",
    "name": "Indigotine, Carmin(e) d'indigo",
    "risk": "Très toxique"
  },
  {
    "code": "E133",
    "name": "Bleu brillant FCF",
    "risk": "Très toxique"
  },
  {
    "code": "E140",
    "name": "Chlorophylles, Chlorophyllines",
    "risk": "Modérément toxique"
  },
  {
    "code": "E141",
    "name": "Complexes cuivriques des chlorophilles et des chlorophyllines",
    "risk": "Douteux"
  },
  {
    "code": "E142",
    "name": "Vert S, Vert brillant BS, Vert lissamine",
    "risk": "Très toxique"
  },
  {
    "code": "E143",
    "name": "Vert solide FCF",
    "risk": "Très toxique"
  },
  {
    "code": "E150a",
    "name": "Caramel I - nature (caramel caustique)",
    "risk": "Modérément toxique"
  },
  {
    "code": "E150b",
    "name": "Caramel II - procédé au sulfite caustique",
    "risk": "Toxique"
  },
  {
    "code": "E150c",
    "name": "Caramel III - procédé à l'ammoniaque",
    "risk": "Très toxique"
  },
  {
    "code": "E150d",
    "name": "Caramel IV - procédé à l'ammoniaque sulfite",
    "risk": "Très toxique"
  },
  {
    "code": "E151",
    "name": "Noir brillant BN, Noir PN, Naphtol black",
    "risk": "Très toxique"
  },
  {
    "code": "E152",
    "name": "Noir de carbone (hydrocarbure, ex-Noir 7984)",
    "risk": "Toxique"
  },
  {
    "code": "E153",
    "name": "Charbon végétal, Noir végétal",
    "risk": "Modérément toxique"
  },
  {
    "code": "E154",
    "name": "Brun FK",
    "risk": "Très toxique"
  },
  {
    "code": "E155",
    "name": "Brun HT, Brun chocolat HT",
    "risk": "Très toxique"
  },
  {
    "code": "E160a",
    "name": "Carotènes (bêta-), Provitamine A",
    "risk": "Modérément toxique"
  },
  {
    "code": "E160b",
    "name": "Rocou, Annatto, Bixine, Norbixine",
    "risk": "Modérément toxique"
  },
  {
    "code": "E160c",
    "name": "Extrait de paprika, Capsanthéine, Capsorubine",
    "risk": "Modérément toxique"
  },
  {
    "code": "E160d",
    "name": "Lycopènes",
    "risk": "Modérément toxique"
  },
  {
    "code": "E160e",
    "name": "Bêta-apo-8'-caroténal (C30), Caroténal (bêta-apo-8'-)",
    "risk": "Pas/peu toxique"
  },
  {
    "code": "E160f",
    "name": "Ester éthylique de l'acide bêta-apo-8'-caroténoïque (C30)",
    "risk": "Pas/peu toxique"
  },
  {
    "code": "E161",
    "name": "Xantophylles",
    "risk": 0
  },
  {
    "code": "E161a",
    "name": "Flavoxanthine (xanthophylles)",
    "risk": "Pas/peu toxique"
  },
  {
    "code": "E161b",
    "name": "Lutéine (xanthophylles)",
    "risk": "Modérément toxique"
  },
  {
    "code": "E161c",
    "name": "Cryptoxanthine (xanthophylles)",
    "risk": "Pas/peu toxique"
  },
  {
    "code": "E161d",
    "name": "Rubixanthine (xanthophylles)",
    "risk": "Pas/peu toxique"
  },
  {
    "code": "E161e",
    "name": "Violaxanthine (xanthophylles)",
    "risk": "Pas/peu toxique"
  },
  {
    "code": "E161f",
    "name": "Rhodoxanthine (xanthophylles)",
    "risk": "Pas/peu toxique"
  },
  {
    "code": "E161g",
    "name": "Canthaxanthine (xanthophylles)",
    "risk": "Modérément toxique"
  },
  {
    "code": "E161h",
    "name": "Zeaxanthine (xantophylles)",
    "risk": "Modérément toxique"
  },
  {
    "code": "E161i",
    "name": "Citranaxanthine (xantophylles)",
    "risk": 0
  },
  {
    "code": "E161j",
    "name": "Astaxanthine (xantophylles)",
    "risk": 0
  },
  {
    "code": "E162",
    "name": "Rouge de betterave, Bétanine",
    "risk": "Modérément toxique"
  },
  {
    "code": "E163",
    "name": "Anthocyanes, Anthocyanines",
    "risk": "Modérément toxique"
  },
  {
    "code": "E164",
    "name": "Jaune de gardénia ou Safran ; Crocine, Crocétine",
    "risk": 0
  },
  {
    "code": "E165",
    "name": "Bleu de gardénia",
    "risk": 0
  },
  {
    "code": "E166",
    "name": "Bois de santal",
    "risk": 0
  },
  {
    "code": "E170",
    "name": "Carbonate de calcium",
    "risk": "Pas/peu toxique"
  },
  {
    "code": "E171",
    "name": "Dioxyde de titane, Bioxyde de titane",
    "risk": "Toxique"
  },
  {
    "code": "E172",
    "name": "Oxydes de fer, Hydroxydes de fer",
    "risk": "Douteux"
  },
  {
    "code": "E173",
    "name": "Aluminium",
    "risk": "Toxique"
  },
  {
    "code": "E174",
    "name": "Argent, Argentum",
    "risk": "Douteux"
  },
  {
    "code": "E175",
    "name": "Or, Aurum",
    "risk": "Modérément toxique"
  },
  {
    "code": "E180",
    "name": "Litholrubine BK, Carmin 6B, Pigment rubis",
    "risk": "Douteux"
  },
  {
    "code": "E181",
    "name": "Tanins, Tannins, \"Acide tannique",
    "risk": "Modérément toxique"
  },
  {
    "code": "E182",
    "name": "Orseille, Orcéine",
    "risk": "Toxique"
  },
  {
    "code": "E200",
    "name": "Acide sorbique",
    "risk": "Modérément toxique"
  },
  {
    "code": "E201",
    "name": "Sorbate de sodium",
    "risk": "Toxique"
  },
  {
    "code": "E202",
    "name": "Sorbate de potassium",
    "risk": "Modérément toxique"
  },
  {
    "code": "E203",
    "name": "Sorbate de calcium",
    "risk": "Modérément toxique"
  },
  {
    "code": "E209",
    "name": "Heptyl parabène, Hydroxybenzoate d'hepthyle (para-)",
    "risk": "Toxique"
  },
  {
    "code": "E210",
    "name": "Acide benzoïque",
    "risk": "Toxique"
  },
  {
    "code": "E211",
    "name": "Benzoate de sodium",
    "risk": "Toxique"
  },
  {
    "code": "E212",
    "name": "Benzoate de potassium",
    "risk": "Toxique"
  },
  {
    "code": "E213",
    "name": "Benzoate de calcium",
    "risk": "Toxique"
  },
  {
    "code": "E214",
    "name": "Ethylparabène, Hydroxybenzoate d'éthyle (para-)",
    "risk": "Toxique"
  },
  {
    "code": "E215",
    "name": "Ethylparabène sodique, Hydroxybenzoate d'éthyle sodique (para-)",
    "risk": "Toxique"
  },
  {
    "code": "E216",
    "name": "Propylparabène, Hydroxybenzoate de propyle (para-)",
    "risk": "Toxique"
  },
  {
    "code": "E217",
    "name": "Propylparabène sodique, Hydroxybenzoate de propyle sodique (para-)",
    "risk": "Toxique"
  },
  {
    "code": "E218",
    "name": "Méthylparabène, Hydroxybenzoate de méthyle (para-)",
    "risk": "Toxique"
  },
  {
    "code": "E219",
    "name": "Méthylparabène sodique, Hydroxybenzoate de méthyle sodique (para-)",
    "risk": "Toxique"
  },
  {
    "code": "E220",
    "name": "Dioxyde de soufre, Anhydride sulfureux",
    "risk": "Toxique"
  },
  {
    "code": "E221",
    "name": "Sulfite de sodium",
    "risk": "Toxique"
  },
  {
    "code": "E222",
    "name": "Bisulfite de sodium, Sulfite acide de sodium",
    "risk": "Toxique"
  },
  {
    "code": "E223",
    "name": "Métabisulfite de sodium, Pyrosulfite de sodium",
    "risk": "Toxique"
  },
  {
    "code": "E224",
    "name": "Métabisulfite de potassium, Pyrosulfite de potassium",
    "risk": "Toxique"
  },
  {
    "code": "E225",
    "name": "Sulfite de potassium",
    "risk": "Toxique"
  },
  {
    "code": "E226",
    "name": "Sulfite de calcium",
    "risk": "Toxique"
  },
  {
    "code": "E227",
    "name": "Bisulfite de calcium, Sulfite acide de calcium",
    "risk": "Toxique"
  },
  {
    "code": "E228",
    "name": "Bisulfite de potassium, Sulfite acide de potassium",
    "risk": "Toxique"
  },
  {
    "code": "E230",
    "name": "Diphényle, Biphényle",
    "risk": "Très toxique"
  },
  {
    "code": "E231",
    "name": "Orthophénylphénol",
    "risk": "Très toxique"
  },
  {
    "code": "E232",
    "name": "Orthophénylphénol de sodium, Orthophénylphénate de sodium",
    "risk": "Très toxique"
  },
  {
    "code": "E233",
    "name": "Thiabendazole, Benzimidazole",
    "risk": "Très toxique"
  },
  {
    "code": "E234",
    "name": "Nisine",
    "risk": "Douteux"
  },
  {
    "code": "E235",
    "name": "Natamycine, Pimaricine",
    "risk": "Modérément toxique"
  },
  {
    "code": "E236",
    "name": "Acide formique",
    "risk": "Douteux"
  },
  {
    "code": "E237",
    "name": "Formiate de sodium",
    "risk": "Toxique"
  },
  {
    "code": "E238",
    "name": "Formiate de calcium",
    "risk": "Toxique"
  },
  {
    "code": "E239",
    "name": "Héxaméthylène tétramine",
    "risk": "Très toxique"
  },
  {
    "code": "E240",
    "name": "Formaldéhyde,  Aldéhyde formique, Formol",
    "risk": "Très toxique"
  },
  {
    "code": "E241",
    "name": "Gomme gaïac",
    "risk": "Pas/peu toxique"
  },
  {
    "code": "E242",
    "name": "Dicarbonate de diméthyle, DMDC",
    "risk": "Toxique"
  },
  {
    "code": "E249",
    "name": "Nitrite de potassium",
    "risk": "Très toxique"
  },
  {
    "code": "E250",
    "name": "Nitrite de sodium",
    "risk": "Très toxique"
  },
  {
    "code": "E251",
    "name": "Nitrate de sodium, Salpêtre du Chili",
    "risk": "Très toxique"
  },
  {
    "code": "E252",
    "name": "Nitrate de potassium, Salpêtre",
    "risk": "Très toxique"
  },
  {
    "code": "E260",
    "name": "Acide acétique (glacial), Acide éthanoïque",
    "risk": "Modérément toxique"
  },
  {
    "code": "E261",
    "name": "Acétate de potassium, Ethanoate de potassium",
    "risk": "Modérément toxique"
  },
  {
    "code": "E262",
    "name": "Acétate de sodium, Ethanoate de sodium",
    "risk": "Modérément toxique"
  },
  {
    "code": "E263",
    "name": "Acétate de calcium, Ethanoate de  calcium",
    "risk": "Modérément toxique"
  },
  {
    "code": "E264",
    "name": "Acétate d'ammonium, Ethanoate d'ammonium",
    "risk": "Douteux"
  },
  {
    "code": "E265",
    "name": "Acide déhydroacétique, Acide déhydracétique",
    "risk": "Douteux"
  },
  {
    "code": "E266",
    "name": "Déhydroacétate de sodium",
    "risk": "Modérément toxique"
  },
  {
    "code": "E270",
    "name": "Acide lactique (L-, D- et DL-)",
    "risk": "Modérément toxique"
  },
  {
    "code": "E280",
    "name": "Acide propionique",
    "risk": "Douteux"
  },
  {
    "code": "E281",
    "name": "Propionate de sodium, Propanoate de sodium",
    "risk": "Douteux"
  },
  {
    "code": "E282",
    "name": "Propionate de calcium, Propanoate de calcium",
    "risk": "Douteux"
  },
  {
    "code": "E283",
    "name": "Propionate de potassium, Propanoate de potassium",
    "risk": "Douteux"
  },
  {
    "code": "E284",
    "name": "Acide borique",
    "risk": "Très toxique"
  },
  {
    "code": "E285",
    "name": "Tétraborate de sodium (Borax)",
    "risk": "Très toxique"
  },
  {
    "code": "E290",
    "name": "Dioxyde de carbone, Anhydride carbonique, CO2",
    "risk": "Pas/peu toxique"
  },
  {
    "code": "E296",
    "name": "Acide malique (DL- ou L-)",
    "risk": "Modérément toxique"
  },
  {
    "code": "E297",
    "name": "Acide fumarique",
    "risk": "Pas/peu toxique"
  },
  {
    "code": "E300",
    "name": "Acide ascorbique (L-), Vitamine C",
    "risk": "Pas/peu toxique"
  },
  {
    "code": "E301",
    "name": "Ascorbate de sodium",
    "risk": "Pas/peu toxique"
  },
  {
    "code": "E302",
    "name": "Ascorbate de calcium",
    "risk": "Pas/peu toxique"
  },
  {
    "code": "E303",
    "name": "Ascorbate de potassium",
    "risk": "Pas/peu toxique"
  },
  {
    "code": "E304",
    "name": "Palmitate d'ascorbyle (i), Stéarate d'ascorbyle (ii)",
    "risk": "Modérément toxique"
  },
  {
    "code": "E306",
    "name": "Tocophérols, Extraits riches en vitamine E",
    "risk": "Modérément toxique"
  },
  {
    "code": "E307",
    "name": "Alpha-tocophérol (DL-, synthétique)",
    "risk": "Modérément toxique"
  },
  {
    "code": "E308",
    "name": "Gamma-tocophérol (DL-, synthétique)",
    "risk": "Modérément toxique"
  },
  {
    "code": "E309",
    "name": "Delta-tocophérol (DL-, synthétique)",
    "risk": "Modérément toxique"
  },
  {
    "code": "E310",
    "name": "Gallate de propyle",
    "risk": "Toxique"
  },
  {
    "code": "E311",
    "name": "Gallate d'octyle",
    "risk": "Douteux"
  },
  {
    "code": "E312",
    "name": "Gallate de dodécyle",
    "risk": "Modérément toxique"
  },
  {
    "code": "E313",
    "name": "Gallate d'éthyle",
    "risk": "Modérément toxique"
  },
  {
    "code": "E314",
    "name": "Résine de gaïac",
    "risk": "Pas/peu toxique"
  },
  {
    "code": "E315",
    "name": "Acide érythorbique, Acide isoascorbique",
    "risk": "Pas/peu toxique"
  },
  {
    "code": "E316",
    "name": "Erythorbate de sodium, Isoascorbate de sodium",
    "risk": "Pas/peu toxique"
  },
  {
    "code": "E317",
    "name": "Erythorbate de potassium, Isoascorbate de potassium",
    "risk": "Pas/peu toxique"
  },
  {
    "code": "E318",
    "name": "Erythorbate de calcium, Isoascorbate de calcium",
    "risk": "Pas/peu toxique"
  },
  {
    "code": "E319",
    "name": "Butylhydroquinone tertiaire, BHQT",
    "risk": "Toxique"
  },
  {
    "code": "E320",
    "name": "Butylhydroxyanisol, Hydroxyanisol butylé, BHA",
    "risk": "Très toxique"
  },
  {
    "code": "E321",
    "name": "Butylhydroxytoluène, Hydroxytoluène butylé, BHT",
    "risk": "Très toxique"
  },
  {
    "code": "E322",
    "name": "Lécithines",
    "risk": "Modérément toxique"
  },
  {
    "code": "E323",
    "name": "Anoxomère",
    "risk": "Toxique"
  },
  {
    "code": "E324",
    "name": "Ethoxyquine",
    "risk": "Toxique"
  },
  {
    "code": "E325",
    "name": "Lactate de sodium",
    "risk": "Pas/peu toxique"
  },
  {
    "code": "E326",
    "name": "Lactate de potassium",
    "risk": "Pas/peu toxique"
  },
  {
    "code": "E327",
    "name": "Lactate de calcium",
    "risk": "Pas/peu toxique"
  },
  {
    "code": "E328",
    "name": "Lactate d'ammonium",
    "risk": "Douteux"
  },
  {
    "code": "E329",
    "name": "Lactate de magnésium (DL-)",
    "risk": "Pas/peu toxique"
  },
  {
    "code": "E330",
    "name": "Acide citrique",
    "risk": "Modérément toxique"
  },
  {
    "code": "E331",
    "name": "Citrate de sodium",
    "risk": "Modérément toxique"
  },
  {
    "code": "E332",
    "name": "Citrate de potassium",
    "risk": "Modérément toxique"
  },
  {
    "code": "E333",
    "name": "Citrate de calcium",
    "risk": "Modérément toxique"
  },
  {
    "code": "E334",
    "name": "Acide L(+)-tartrique, Acide L(+)-tartarique",
    "risk": "Pas/peu toxique"
  },
  {
    "code": "E335",
    "name": "Tartrate de sodium",
    "risk": "Pas/peu toxique"
  },
  {
    "code": "E336",
    "name": "Tartrate de potassium",
    "risk": "Pas/peu toxique"
  },
  {
    "code": "E337",
    "name": "Tartrate double de sodium et de potassium",
    "risk": "Pas/peu toxique"
  },
  {
    "code": "E338",
    "name": "Acide phosphorique, Acide orthophosphorique",
    "risk": "Douteux"
  },
  {
    "code": "E339",
    "name": "Phosphates de sodium, Orthophosphates de sodium",
    "risk": "Douteux"
  },
  {
    "code": "E340",
    "name": "Phosphates de potassium, Orthophosphates de potassium",
    "risk": "Douteux"
  },
  {
    "code": "E341",
    "name": "Phosphates de calcium, Orthophosphates de calcium",
    "risk": "Douteux"
  },
  {
    "code": "E342",
    "name": "Phosphates d'ammonium, Monophosphates d'ammonium",
    "risk": "Toxique"
  },
  {
    "code": "E343",
    "name": "Phosphates de magnésium, Monophosphates de magnésium",
    "risk": "Douteux"
  },
  {
    "code": "E344",
    "name": "Citrate de lécithine",
    "risk": "Modérément toxique"
  },
  {
    "code": "E345",
    "name": "Citrate de magnésium",
    "risk": "Modérément toxique"
  },
  {
    "code": "E349",
    "name": "Malate d'ammonium",
    "risk": "Douteux"
  },
  {
    "code": "E350",
    "name": "Malate de sodium (DL-)",
    "risk": "Pas/peu toxique"
  },
  {
    "code": "E351",
    "name": "Malate de potassium (DL-)",
    "risk": "Pas/peu toxique"
  },
  {
    "code": "E352",
    "name": "Malate de calcium (DL-)",
    "risk": "Pas/peu toxique"
  },
  {
    "code": "E353",
    "name": "Acide métatartrique, Acide métatartarique",
    "risk": "Pas/peu toxique"
  },
  {
    "code": "E354",
    "name": "Tartrate de calcium (L-, DL-)",
    "risk": "Pas/peu toxique"
  },
  {
    "code": "E355",
    "name": "Acide adipique",
    "risk": "Modérément toxique"
  },
  {
    "code": "E356",
    "name": "Adipates de sodium",
    "risk": "Modérément toxique"
  },
  {
    "code": "E357",
    "name": "Adipates de potassium",
    "risk": "Modérément toxique"
  },
  {
    "code": "E359",
    "name": "Adipates d'ammonium",
    "risk": "Douteux"
  },
  {
    "code": "E363",
    "name": "Acide succinique",
    "risk": "Modérément toxique"
  },
  {
    "code": "E364",
    "name": "Succinates de sodium",
    "risk": "Modérément toxique"
  },
  {
    "code": "E365",
    "name": "Fumarates de sodium",
    "risk": "Pas/peu toxique"
  },
  {
    "code": "E366",
    "name": "Fumarates de potassium",
    "risk": "Pas/peu toxique"
  },
  {
    "code": "E367",
    "name": "Fumarates de calcium",
    "risk": "Pas/peu toxique"
  },
  {
    "code": "E368",
    "name": "Fumarates d'ammonium",
    "risk": "Douteux"
  },
  {
    "code": "E370",
    "name": "Heptonolactone (1,4-)",
    "risk": 0
  },
  {
    "code": "E375",
    "name": "Niacine, Acide nicotinique",
    "risk": "Modérément toxique"
  },
  {
    "code": "E380",
    "name": "Citrate de triammonium",
    "risk": "Douteux"
  },
  {
    "code": "E381",
    "name": "Citrate d'ammonium ferrique",
    "risk": "Douteux"
  },
  {
    "code": "E383",
    "name": "Glycérophosphate de calcium",
    "risk": "Pas/peu toxique"
  },
  {
    "code": "E384",
    "name": "Citrates d'isopropyle",
    "risk": "Toxique"
  },
  {
    "code": "E385",
    "name": "EDTA calcio-disodique",
    "risk": "Toxique"
  },
  {
    "code": "E386",
    "name": "EDTA disodique",
    "risk": "Toxique"
  },
  {
    "code": "E387",
    "name": "Oxystéarine",
    "risk": "Modérément toxique"
  },
  {
    "code": "E388",
    "name": "Acide thiodipropionique, Acide thiodipropanoïque, TDPA",
    "risk": "Modérément toxique"
  },
  {
    "code": "E389",
    "name": "Thiodipropionate de dilauryle",
    "risk": "Modérément toxique"
  },
  {
    "code": "E390",
    "name": "Thiodipropionate de distéaryle",
    "risk": "Modérément toxique"
  },
  {
    "code": "E391",
    "name": "Acide phytique",
    "risk": "Pas/peu toxique"
  },
  {
    "code": "E392",
    "name": "Extrait de romarin",
    "risk": "Pas/peu toxique"
  },
  {
    "code": "E399",
    "name": "Lactobionate de calcium",
    "risk": 0
  },
  {
    "code": "E400",
    "name": "Acide alginique",
    "risk": "Pas/peu toxique"
  },
  {
    "code": "E401",
    "name": "Alginate de sodium",
    "risk": "Pas/peu toxique"
  },
  {
    "code": "E402",
    "name": "Alginate de potassium",
    "risk": "Pas/peu toxique"
  },
  {
    "code": "E403",
    "name": "Alginate d'ammonium",
    "risk": "Douteux"
  },
  {
    "code": "E404",
    "name": "Alginate de calcium",
    "risk": "Pas/peu toxique"
  },
  {
    "code": "E405",
    "name": "Alginate de propylène glycol, Alginate de propane-1,2 diol",
    "risk": "Douteux"
  },
  {
    "code": "E406",
    "name": "Agar-agar, Layor Carang, Isinglass du Japon",
    "risk": "Pas/peu toxique"
  },
  {
    "code": "E407",
    "name": "Carraghénane, Carraghénate, Furcellaran, Mousse d'Irlande",
    "risk": "Toxique"
  },
  {
    "code": "E407a",
    "name": "Carraghénane semi-raffinée, Algue Eucheuma transformée",
    "risk": "Toxique"
  },
  {
    "code": "E408",
    "name": "Glycane de levure de boulanger",
    "risk": "Pas/peu toxique"
  },
  {
    "code": "E409",
    "name": "Arabinogalactane",
    "risk": 0
  },
  {
    "code": "E410",
    "name": "Gomme de caroube, Farine de graine de caroube",
    "risk": "Pas/peu toxique"
  },
  {
    "code": "E411",
    "name": "Gomme d'avoine",
    "risk": "Pas/peu toxique"
  },
  {
    "code": "E412",
    "name": "Gomme de guar",
    "risk": "Pas/peu toxique"
  },
  {
    "code": "E413",
    "name": "Gomme adragante, Gomme de dragon, Tragacanthe",
    "risk": "Pas/peu toxique"
  },
  {
    "code": "E414",
    "name": "Gomme arabique, Gomme d'acacia",
    "risk": "Pas/peu toxique"
  },
  {
    "code": "E415",
    "name": "Gomme xanthane",
    "risk": "Pas/peu toxique"
  },
  {
    "code": "E416",
    "name": "Gomme karaya, Gomme sterculia",
    "risk": "Pas/peu toxique"
  },
  {
    "code": "E417",
    "name": "Gomme tara",
    "risk": "Pas/peu toxique"
  },
  {
    "code": "E418",
    "name": "Gomme gellane",
    "risk": "Pas/peu toxique"
  },
  {
    "code": "E419",
    "name": "Gomme ghatti",
    "risk": 0
  },
  {
    "code": "E420",
    "name": "Sorbitol, Sirop de sorbitol",
    "risk": "Douteux"
  },
  {
    "code": "E421",
    "name": "Mannitol",
    "risk": "Douteux"
  },
  {
    "code": "E422",
    "name": "Glycérol, Glycérine",
    "risk": "Modérément toxique"
  },
  {
    "code": "E424",
    "name": "Curdlan",
    "risk": "Douteux"
  },
  {
    "code": "E425",
    "name": "Gomme de Konjac, Glucomannane de Konjac, Farine de Konjac",
    "risk": "Modérément toxique"
  },
  {
    "code": "E426",
    "name": "Hémicellulose de soja",
    "risk": "Douteux"
  },
  {
    "code": "E427",
    "name": "Gomme cassia",
    "risk": "Pas/peu toxique"
  },
  {
    "code": "E428",
    "name": "Gélatine",
    "risk": "Modérément toxique"
  },
  {
    "code": "E429",
    "name": "Peptones",
    "risk": 0
  },
  {
    "code": "E430",
    "name": "Stéarate de polyoxyéthylène 8",
    "risk": "Toxique"
  },
  {
    "code": "E431",
    "name": "Stéarate de polyoxyéthylène 40",
    "risk": "Toxique"
  },
  {
    "code": "E432",
    "name": "Polysorbate 20, Tween 20",
    "risk": "Toxique"
  },
  {
    "code": "E433",
    "name": "Polysorbate 80, Tween 80",
    "risk": "Toxique"
  },
  {
    "code": "E434",
    "name": "Polysorbate 40, Tween 40",
    "risk": "Toxique"
  },
  {
    "code": "E435",
    "name": "Polysorbate 60, Tween 60",
    "risk": "Toxique"
  },
  {
    "code": "E436",
    "name": "Polysorbate 65, Tween 65",
    "risk": "Toxique"
  },
  {
    "code": "E440i",
    "name": "Pectine",
    "risk": "Modérément toxique"
  },
  {
    "code": "E440ii",
    "name": "Pectine amidée",
    "risk": "Douteux"
  },
  {
    "code": "E441",
    "name": "Huile de colza superglycérinée hydrogénée",
    "risk": "Douteux"
  },
  {
    "code": "E442",
    "name": "Phosphatides d'ammonium, Sels d'ammonium de l'acide phosphatidique",
    "risk": "Toxique"
  },
  {
    "code": "E443",
    "name": "Huile végétale bromée",
    "risk": "Très toxique"
  },
  {
    "code": "E444",
    "name": "Acétate isobutyrate de saccharose, SAIB",
    "risk": "Modérément toxique"
  },
  {
    "code": "E445",
    "name": "Ester glycérique de résines de bois",
    "risk": "Douteux"
  },
  {
    "code": "E446",
    "name": "Succistéarine",
    "risk": 0
  },
  {
    "code": "E450",
    "name": "Diphosphates, Pyrophosphates",
    "risk": "Douteux"
  },
  {
    "code": "E451",
    "name": "Triphosphates",
    "risk": "Douteux"
  },
  {
    "code": "E452",
    "name": "Polyphosphates",
    "risk": "Douteux"
  },
  {
    "code": "E457",
    "name": "Cyclodextrine (Alpha-), AlphaCD, α-Cyclodextrine",
    "risk": "Toxique"
  },
  {
    "code": "E458",
    "name": "Cyclodextrine (Gamma-), GammaCD, γ-Cyclodextrine",
    "risk": "Toxique"
  },
  {
    "code": "E459",
    "name": "Cyclodextrine (Bêta-), BêtaCD, β-Cyclodextrine",
    "risk": "Douteux"
  },
  {
    "code": "E460",
    "name": "Celluloses",
    "risk": "Toxique"
  },
  {
    "code": "E461",
    "name": "Methyl cellulose",
    "risk": "Douteux"
  },
  {
    "code": "E462",
    "name": "Ethyl cellulose",
    "risk": "Douteux"
  },
  {
    "code": "E463",
    "name": "Hydroxypropyl cellulose",
    "risk": "Douteux"
  },
  {
    "code": "E464",
    "name": "Hydroxypropyl méthyl cellulose",
    "risk": "Douteux"
  },
  {
    "code": "E465",
    "name": "Méthyléthyl cellulose, MEC",
    "risk": "Douteux"
  },
  {
    "code": "E466",
    "name": "Carboxyméthyl cellulose de sodium, Gomme de cellulose",
    "risk": "Toxique"
  },
  {
    "code": "E467",
    "name": "Ethyl hydroxyéthyl cellulose",
    "risk": "Douteux"
  },
  {
    "code": "E468",
    "name": "Carboximéthyl cellulose sodique réticulée, Gomme cellulosique réticulée",
    "risk": "Douteux"
  },
  {
    "code": "E469",
    "name": "Carboximéthyl cellulose sodique hydrolysée par voie enzymatique, ...",
    "risk": "Douteux"
  },
  {
    "code": "E470",
    "name": "Sels d'acides gras (ayant pour base Al, NH4, Ca, Mg, K, Na)",
    "risk": "Douteux"
  },
  {
    "code": "E470a",
    "name": "Sels de sodium, de potassium et de calcium d'acides gras",
    "risk": "Douteux"
  },
  {
    "code": "E470b",
    "name": "Sels de magnésium d'acides gras",
    "risk": "Douteux"
  },
  {
    "code": "E471",
    "name": "Mono et diglycérides d'acides gras",
    "risk": "Douteux"
  },
  {
    "code": "E472a",
    "name": "Esters acétiques des mono- et diglycérides d'acides gras",
    "risk": "Douteux"
  },
  {
    "code": "E472b",
    "name": "Esters lactiques des mono- et diglycérides d'acides gras",
    "risk": "Douteux"
  },
  {
    "code": "E472c",
    "name": "Esters citriques des mono- et diglycérides d'acides gras",
    "risk": "Douteux"
  },
  {
    "code": "E472d",
    "name": "Esters tartriques des mono- et diglycérides d'acides gras",
    "risk": "Douteux"
  },
  {
    "code": "E472e",
    "name": "Esters mono- et diacétyltartriques des mono- et diglycérides d'acides gras",
    "risk": "Douteux"
  },
  {
    "code": "E472f",
    "name": "Esters mixtes acétiq. et tartriq. des mono- et diglycérides d'acides gras",
    "risk": "Douteux"
  },
  {
    "code": "E472g",
    "name": "Monoglycérides succinyles",
    "risk": "Douteux"
  },
  {
    "code": "E473",
    "name": "Sucroesters d'acides gras, Esters de saccharose d'acides gras",
    "risk": "Douteux"
  },
  {
    "code": "E473a",
    "name": "Oligoesters de saccharose de type I et de type II",
    "risk": "Douteux"
  },
  {
    "code": "E474",
    "name": "Sucroglycérides, Saccharoglycérides",
    "risk": "Douteux"
  },
  {
    "code": "E475",
    "name": "Esters polyglycériques d'acides gras",
    "risk": "Douteux"
  },
  {
    "code": "E476",
    "name": "Polyricinoléate de polyglycérol",
    "risk": "Douteux"
  },
  {
    "code": "E477",
    "name": "Esters de propylène glycol d'acides gras",
    "risk": "Toxique"
  },
  {
    "code": "E478",
    "name": "Esters glycériques et propylène-glycoliques d'acides gras lactyles",
    "risk": "Toxique"
  },
  {
    "code": "E479b",
    "name": "Huile de soja oxydée par chauffage",
    "risk": "Toxique"
  },
  {
    "code": "E480",
    "name": "Sulfosuccinate dioctylique de sodium, Docusate de sodium, DSS",
    "risk": "Douteux"
  },
  {
    "code": "E481",
    "name": "Lactylates de sodium, Stéaroyl-2-lactylate de sodium",
    "risk": "Modérément toxique"
  },
  {
    "code": "E482",
    "name": "Lactylates de calcium, Stéaroyl-2-lactylate de calcium",
    "risk": "Modérément toxique"
  },
  {
    "code": "E483",
    "name": "Tartrate de stéaryle",
    "risk": "Modérément toxique"
  },
  {
    "code": "E484",
    "name": "Citrate de stéaryle",
    "risk": "Modérément toxique"
  },
  {
    "code": "E485",
    "name": "Stéaroyl fumarate de sodium",
    "risk": 0
  },
  {
    "code": "E486",
    "name": "Stearoyl fumarate de calcium",
    "risk": 0
  },
  {
    "code": "E487",
    "name": "Laurylsulfate de sodium, LSS",
    "risk": "Toxique"
  },
  {
    "code": "E488",
    "name": "Mono et diglycérides éthoxylés",
    "risk": "Très toxique"
  },
  {
    "code": "E489",
    "name": "Ester de méthylglycoside d'huile de coco",
    "risk": 0
  },
  {
    "code": "E491",
    "name": "Monostéarate de sorbitane",
    "risk": "Douteux"
  },
  {
    "code": "E492",
    "name": "Tristéarate de sorbitane",
    "risk": "Douteux"
  },
  {
    "code": "E493",
    "name": "Monolaurate de sorbitane",
    "risk": "Douteux"
  },
  {
    "code": "E494",
    "name": "Monooléate de sorbitane",
    "risk": "Douteux"
  },
  {
    "code": "E495",
    "name": "Monopalmitate de sorbitane",
    "risk": "Douteux"
  },
  {
    "code": "E496",
    "name": "Trioléate de sorbitane",
    "risk": "Douteux"
  },
  {
    "code": "E500",
    "name": "Carbonates de sodium",
    "risk": "Pas/peu toxique"
  },
  {
    "code": "E501",
    "name": "Carbonates de potassium",
    "risk": "Pas/peu toxique"
  },
  {
    "code": "E502",
    "name": "Carbonates",
    "risk": 0
  },
  {
    "code": "E503",
    "name": "Carbonates d'ammonium",
    "risk": "Douteux"
  },
  {
    "code": "E504",
    "name": "Carbonates de magnésium",
    "risk": "Pas/peu toxique"
  },
  {
    "code": "E505",
    "name": "Carbonates de fer, Carbonates ferreux",
    "risk": "Modérément toxique"
  },
  {
    "code": "E507",
    "name": "Acide chlorhydrique",
    "risk": "Modérément toxique"
  },
  {
    "code": "E508",
    "name": "Chlorure de potassium",
    "risk": "Pas/peu toxique"
  },
  {
    "code": "E509",
    "name": "Chlorure de calcium",
    "risk": "Modérément toxique"
  },
  {
    "code": "E510",
    "name": "Chlorure d'ammonium",
    "risk": "Toxique"
  },
  {
    "code": "E511",
    "name": "Chlorure de magnésium",
    "risk": "Pas/peu toxique"
  },
  {
    "code": "E512",
    "name": "Chlorure d'étain, Chlorure stanneux",
    "risk": "Douteux"
  },
  {
    "code": "E513",
    "name": "Acide sulfurique",
    "risk": "Modérément toxique"
  },
  {
    "code": "E514",
    "name": "Sulfate de sodium",
    "risk": "Modérément toxique"
  },
  {
    "code": "E515",
    "name": "Sulfate de potassium",
    "risk": "Modérément toxique"
  },
  {
    "code": "E516",
    "name": "Sulfate de calcium",
    "risk": "Modérément toxique"
  },
  {
    "code": "E517",
    "name": "Sulfate d'ammonium",
    "risk": "Toxique"
  },
  {
    "code": "E518",
    "name": "Sulfate de magnésium",
    "risk": "Pas/peu toxique"
  },
  {
    "code": "E519",
    "name": "Sulfate de cuivre II, Sulfate cuprique",
    "risk": "Toxique"
  },
  {
    "code": "E520",
    "name": "Sulfate d'aluminium (anhydre)",
    "risk": "Toxique"
  },
  {
    "code": "E521",
    "name": "Sulfate d'aluminium sodique",
    "risk": "Toxique"
  },
  {
    "code": "E522",
    "name": "Sulfate d'aluminium potassique",
    "risk": "Toxique"
  },
  {
    "code": "E523",
    "name": "Sulfate d'aluminium ammonique, Sulfate d'aluminium ammonium",
    "risk": "Très toxique"
  },
  {
    "code": "E524",
    "name": "Hydroxyde de sodium",
    "risk": "Modérément toxique"
  },
  {
    "code": "E525",
    "name": "Hydroxyde de potassium",
    "risk": "Modérément toxique"
  },
  {
    "code": "E526",
    "name": "Hydroxyde de calcium",
    "risk": "Modérément toxique"
  },
  {
    "code": "E527",
    "name": "Hydroxyde d'ammonium, Liqueur ammoniacale, Solution d'ammoniaque",
    "risk": "Douteux"
  },
  {
    "code": "E528",
    "name": "Hydroxyde de magnésium, Lait de magnésie",
    "risk": "Pas/peu toxique"
  },
  {
    "code": "E529",
    "name": "Oxyde de calcium, Chaux, Chaux vive",
    "risk": "Pas/peu toxique"
  },
  {
    "code": "E530",
    "name": "Oxyde de magnésium",
    "risk": "Pas/peu toxique"
  },
  {
    "code": "E535",
    "name": "Ferrocyanure de sodium",
    "risk": "Douteux"
  },
  {
    "code": "E536",
    "name": "Ferrocyanure de potassium",
    "risk": "Douteux"
  },
  {
    "code": "E537",
    "name": "Hexacyanomanganate de fer",
    "risk": "Douteux"
  },
  {
    "code": "E538",
    "name": "Ferrocyanure de calcium",
    "risk": "Douteux"
  },
  {
    "code": "E539",
    "name": "Thiosulfate de sodium",
    "risk": "Toxique"
  },
  {
    "code": "E540",
    "name": "Phosphate acide de calcium, Phosphate de calcium hydrogène",
    "risk": "Douteux"
  },
  {
    "code": "E541",
    "name": "Phosphate de sodium-aluminium",
    "risk": "Toxique"
  },
  {
    "code": "E542",
    "name": "Phosphate d'os, Phosphate d'os comestible",
    "risk": "Douteux"
  },
  {
    "code": "E544",
    "name": "Polyphosphates de calcium",
    "risk": "Douteux"
  },
  {
    "code": "E545",
    "name": "Polyphosphates d'ammonium",
    "risk": "Toxique"
  },
  {
    "code": "E546",
    "name": "Diphosphates de magnésium, Pyrophosphates de magnésium",
    "risk": "Douteux"
  },
  {
    "code": "E550",
    "name": "Silicate de sodium",
    "risk": "Douteux"
  },
  {
    "code": "E551",
    "name": "Dioxyde de silicium (amorphe), Silice (amorphe)",
    "risk": "Douteux"
  },
  {
    "code": "E552",
    "name": "Silicate de calcium",
    "risk": "Douteux"
  },
  {
    "code": "E553",
    "name": "Silicate de magnésium, Trisilicate de magnésium, Talc",
    "risk": "Douteux"
  },
  {
    "code": "E554",
    "name": "Silicate alumino-sodique, Silicoaluminate de sodium",
    "risk": "Toxique"
  },
  {
    "code": "E555",
    "name": "Silicate alumino-potassique, Silocoaluminate de potassium",
    "risk": "Toxique"
  },
  {
    "code": "E556",
    "name": "Silicate alumino-calcique, Silicoaluminate de calcium",
    "risk": "Toxique"
  },
  {
    "code": "E557",
    "name": "Silicate de zinc",
    "risk": "Douteux"
  },
  {
    "code": "E558",
    "name": "Bentonite",
    "risk": "Modérément toxique"
  },
  {
    "code": "E559",
    "name": "Silicate d'aluminium (kaolin léger ou lourd)",
    "risk": "Douteux"
  },
  {
    "code": "E560",
    "name": "Silicate de potassium",
    "risk": "Douteux"
  },
  {
    "code": "E570",
    "name": "Acides gras",
    "risk": "Douteux"
  },
  {
    "code": "E572",
    "name": "Stéarate de magnésium, Magnésium stéarate",
    "risk": "Douteux"
  },
  {
    "code": "E574",
    "name": "Acide gluconique (D-)",
    "risk": "Modérément toxique"
  },
  {
    "code": "E575",
    "name": "Glucono-delta-lactone",
    "risk": "Modérément toxique"
  },
  {
    "code": "E576",
    "name": "Gluconate de sodium",
    "risk": "Modérément toxique"
  },
  {
    "code": "E577",
    "name": "Gluconate de potassium",
    "risk": "Modérément toxique"
  },
  {
    "code": "E578",
    "name": "Gluconate de calcium",
    "risk": "Modérément toxique"
  },
  {
    "code": "E579",
    "name": "Gluconate de fer, Gluconate ferreux",
    "risk": "Modérément toxique"
  },
  {
    "code": "E580",
    "name": "Gluconate de magnésium",
    "risk": "Modérément toxique"
  },
  {
    "code": "E585",
    "name": "Lactate de fer, Lactate ferreux",
    "risk": "Modérément toxique"
  },
  {
    "code": "E586",
    "name": "Hexylrésorcinol (4-)",
    "risk": "Toxique"
  },
  {
    "code": "E620",
    "name": "Acide glutamique",
    "risk": "Toxique"
  },
  {
    "code": "E621",
    "name": "Glutamate de sodium, Glutamate monosodique, GMS",
    "risk": "Toxique"
  },
  {
    "code": "E622",
    "name": "Glutamate de potassium, Glutamate monopotassique",
    "risk": "Toxique"
  },
  {
    "code": "E623",
    "name": "Glutamate de calcium, Diglutamate monocalcique",
    "risk": "Toxique"
  },
  {
    "code": "E624",
    "name": "Glutamate d'ammonium, Glutamate monoammonique",
    "risk": "Très toxique"
  },
  {
    "code": "E625",
    "name": "Glutamate de magnésium, Diglutamate monomagnésique",
    "risk": "Toxique"
  },
  {
    "code": "E626",
    "name": "Acide guanylique, Guanosine 5'-monophosphate",
    "risk": "Douteux"
  },
  {
    "code": "E627",
    "name": "Guanylate disodique, Guanylate-5' de sodium",
    "risk": "Douteux"
  },
  {
    "code": "E628",
    "name": "Guanylate de potassium, Guanylate 5'-potassique",
    "risk": "Douteux"
  },
  {
    "code": "E629",
    "name": "Guanylate de calcium, Guanylate 5'-calcique",
    "risk": "Douteux"
  },
  {
    "code": "E630",
    "name": "Acide inosinique, Inosine 5'-monophosphate",
    "risk": "Douteux"
  },
  {
    "code": "E631",
    "name": "Inosinate disodique, Inosinate de sodium",
    "risk": "Douteux"
  },
  {
    "code": "E632",
    "name": "Inosinate dipotassique, Inosinate de potassium",
    "risk": "Douteux"
  },
  {
    "code": "E633",
    "name": "Inosinate calcique, Inosinate de calcium",
    "risk": "Douteux"
  },
  {
    "code": "E634",
    "name": "5'-Ribonucléotide calcique, Ribonucléotide de calcium",
    "risk": "Douteux"
  },
  {
    "code": "E635",
    "name": "5'-Ribonucléotide disodique, Ribonucléotide de sodium",
    "risk": "Douteux"
  },
  {
    "code": "E636",
    "name": "Maltol",
    "risk": "Douteux"
  },
  {
    "code": "E637",
    "name": "Ethylmaltol, Ethyl-maltol, Ethyle maltol",
    "risk": "Douteux"
  },
  {
    "code": "E638",
    "name": "Aspartate de sodium (L-)",
    "risk": 0
  },
  {
    "code": "E639",
    "name": "Alanine (DL-)",
    "risk": "Pas/peu toxique"
  },
  {
    "code": "E640",
    "name": "Glycine et son sel de sodium",
    "risk": "Modérément toxique"
  },
  {
    "code": "E641",
    "name": "Leucine (L-)",
    "risk": "Modérément toxique"
  },
  {
    "code": "E642",
    "name": "Hydrochlorure de lysine",
    "risk": "Modérément toxique"
  },
  {
    "code": "E650",
    "name": "Acétate de zinc",
    "risk": "Modérément toxique"
  },
  {
    "code": "E900",
    "name": "Diméthylpolysiloxane, Polydiméthylsiloxane, Diméthicone, PDMS",
    "risk": "Toxique"
  },
  {
    "code": "E900b",
    "name": "Méthylphénylpolysiloxane, Polyphénylméthylsiloxane, Phényl triméthicone",
    "risk": "Toxique"
  },
  {
    "code": "E901",
    "name": "Cire d'abeille, Cire blanche, Cire jaune",
    "risk": "Pas/peu toxique"
  },
  {
    "code": "E902",
    "name": "Cire de candelilla",
    "risk": "Pas/peu toxique"
  },
  {
    "code": "E903",
    "name": "Cire de carnauba",
    "risk": "Modérément toxique"
  },
  {
    "code": "E904",
    "name": "Résine de Shellac, Shellac, Gomme-laque blanchie",
    "risk": "Modérément toxique"
  },
  {
    "code": "E905",
    "name": "Cire microcristalline, Cire de pétrole, Paraffine synthétique",
    "risk": "Douteux"
  },
  {
    "code": "E905a",
    "name": "Huile minérale de qualité alimentaire",
    "risk": "Douteux"
  },
  {
    "code": "E905b",
    "name": "Vaseline, Gelée de pétrole, Pétrolatum",
    "risk": "Douteux"
  },
  {
    "code": "E905c",
    "name": "Cire microcristalline, Cire de pétrole, Cire de paraffine",
    "risk": "Douteux"
  },
  {
    "code": "E905d",
    "name": "Huile minérale (viscosité élevée)",
    "risk": "Douteux"
  },
  {
    "code": "E905e",
    "name": "Huile minérale (viscosité moyenne et faible, catégorie I)",
    "risk": "Toxique"
  },
  {
    "code": "E905f",
    "name": "Huile minérale (viscosité moyenne et faible, catégorie II)",
    "risk": "Très toxique"
  },
  {
    "code": "E905g",
    "name": "Huile minérale (viscosité moyenne et faible, catégorie III)",
    "risk": "Très toxique"
  },
  {
    "code": "E906",
    "name": "Gomme benjoin, Résine benjoin, Gomme benzoïque",
    "risk": "Modérément toxique"
  },
  {
    "code": "E907",
    "name": "Poly-1-décène hydrogéné, Polydécène hydrogéné",
    "risk": "Toxique"
  },
  {
    "code": "E908",
    "name": "Cire de son de riz",
    "risk": 0
  },
  {
    "code": "E909",
    "name": "Cire de blanc de baleine",
    "risk": 0
  },
  {
    "code": "E910",
    "name": "Esters de cires",
    "risk": 0
  },
  {
    "code": "E911",
    "name": "Esters méthyliques d'acides gras, EMAG",
    "risk": 0
  },
  {
    "code": "E912",
    "name": "Esters de l'acide montanique",
    "risk": "Douteux"
  },
  {
    "code": "E913",
    "name": "Lanoline",
    "risk": "Modérément toxique"
  },
  {
    "code": "E914",
    "name": "Cire de polyéthylène oxydée",
    "risk": "Douteux"
  },
  {
    "code": "E915",
    "name": "Esters de colophane",
    "risk": "Modérément toxique"
  },
  {
    "code": "E916",
    "name": "Iodate de calcium",
    "risk": "Pas/peu toxique"
  },
  {
    "code": "E917",
    "name": "Iodate de potassium",
    "risk": "Pas/peu toxique"
  },
  {
    "code": "E918",
    "name": "Oxydes d'azote",
    "risk": "Douteux"
  },
  {
    "code": "E919",
    "name": "Chlorure de nitrosyle",
    "risk": "Toxique"
  },
  {
    "code": "E920",
    "name": "Cystéine (L-) et ses chlorhydrates (sels de sodium et de potassium)",
    "risk": "Modérément toxique"
  },
  {
    "code": "E921",
    "name": "Cystine (L-) et ses chlorhydrates (sels de sodium et de potassium)",
    "risk": "Modérément toxique"
  },
  {
    "code": "E922",
    "name": "Persulfate de potassium",
    "risk": "Douteux"
  },
  {
    "code": "E923",
    "name": "Persulfate d'ammonium",
    "risk": "Toxique"
  },
  {
    "code": "E924a",
    "name": "Bromate de potassium",
    "risk": "Très toxique"
  },
  {
    "code": "E924b",
    "name": "Bromate de calcium",
    "risk": "Très toxique"
  },
  {
    "code": "E925",
    "name": "Chlore, Chlorine",
    "risk": "Toxique"
  },
  {
    "code": "E926",
    "name": "Peroxyde de chlore, Dioxyde de chlore, Oxyde de chlore",
    "risk": "Toxique"
  },
  {
    "code": "E927a",
    "name": "Azodicarbonamide, Azoformamide",
    "risk": "Douteux"
  },
  {
    "code": "E927b",
    "name": "Urée, Carbamide",
    "risk": "Douteux"
  },
  {
    "code": "E928",
    "name": "Peroxyde de benzoyle",
    "risk": "Toxique"
  },
  {
    "code": "E929",
    "name": "Peroxyde d'acétone",
    "risk": "Toxique"
  },
  {
    "code": "E930",
    "name": "Peroxyde de calcium",
    "risk": "Douteux"
  },
  {
    "code": "E940",
    "name": "Dichlorodifluorométhane",
    "risk": "Toxique"
  },
  {
    "code": "E941",
    "name": "Azote",
    "risk": "Pas/peu toxique"
  },
  {
    "code": "E942",
    "name": "Protoxyde d'azote, Oxyde nitreux",
    "risk": "Modérément toxique"
  },
  {
    "code": "E943a",
    "name": "Butane",
    "risk": "Modérément toxique"
  },
  {
    "code": "E943b",
    "name": "Isobutane",
    "risk": "Modérément toxique"
  },
  {
    "code": "E944",
    "name": "Propane",
    "risk": "Modérément toxique"
  },
  {
    "code": "E945",
    "name": "Chloropentafluoroéthane",
    "risk": 0
  },
  {
    "code": "E946",
    "name": "Octafluorocyclobutane",
    "risk": 0
  },
  {
    "code": "E948",
    "name": "Oxygène",
    "risk": "Pas/peu toxique"
  },
  {
    "code": "E949",
    "name": "Hydrogène",
    "risk": "Pas/peu toxique"
  },
  {
    "code": "E950",
    "name": "Acésulfame potassium, Acésulfame-K",
    "risk": "Toxique"
  },
  {
    "code": "E951",
    "name": "Aspartame",
    "risk": "Toxique"
  },
  {
    "code": "E952",
    "name": "Cyclamates",
    "risk": "Toxique"
  },
  {
    "code": "E953",
    "name": "Isomalt (isomaltulose hydrogéné)",
    "risk": "Douteux"
  },
  {
    "code": "E954",
    "name": "Saccharine et ses sels de Na, K et Ca",
    "risk": "Toxique"
  },
  {
    "code": "E955",
    "name": "Sucralose (trichlorogalactosucrose)",
    "risk": "Douteux"
  },
  {
    "code": "E956",
    "name": "Alitame",
    "risk": "Toxique"
  },
  {
    "code": "E957",
    "name": "Thaumatine",
    "risk": "Pas/peu toxique"
  },
  {
    "code": "E958",
    "name": "Glycyrrhizine, Acide glycyrrhizique, Liquorice, Licorice",
    "risk": "Pas/peu toxique"
  },
  {
    "code": "E959",
    "name": "Dihydrochalcone de néohespéridine, Néohespéridine DC, NHDC",
    "risk": "Modérément toxique"
  },
  {
    "code": "E960",
    "name": "Glycosides de stéviol",
    "risk": "Modérément toxique"
  },
  {
    "code": "E961",
    "name": "Néotame",
    "risk": "Toxique"
  },
  {
    "code": "E962",
    "name": "Aspartame acésulfame (sel de)",
    "risk": "Très toxique"
  },
  {
    "code": "E963",
    "name": "Tagatose (D-)",
    "risk": "Pas/peu toxique"
  },
  {
    "code": "E964",
    "name": "Sirop de polyglycitol",
    "risk": 0
  },
  {
    "code": "E965",
    "name": "Maltitol, Sirop de maltitol",
    "risk": "Douteux"
  },
  {
    "code": "E966",
    "name": "Lactitol",
    "risk": "Modérément toxique"
  },
  {
    "code": "E967",
    "name": "Xylitol",
    "risk": "Toxique"
  },
  {
    "code": "E968",
    "name": "Erythritol",
    "risk": "Pas/peu toxique"
  },
  {
    "code": "E999",
    "name": "Extraits de quillaia (type I et II)",
    "risk": "Douteux"
  },
  {
    "code": "E1000",
    "name": "Acide cholique",
    "risk": "Pas/peu toxique"
  },
  {
    "code": "E1001",
    "name": "Choline (sels et esters de-)",
    "risk": 0
  },
  {
    "code": "E1100",
    "name": "Amylases",
    "risk": "Pas/peu toxique"
  },
  {
    "code": "E1101",
    "name": "Protéases (Protéase, Papaïne, Bromélaïne, Ficine)",
    "risk": 0
  },
  {
    "code": "E1102",
    "name": "Glucose oxydase",
    "risk": 0
  },
  {
    "code": "E1103",
    "name": "Invertases",
    "risk": "Pas/peu toxique"
  },
  {
    "code": "E1104",
    "name": "Lipases",
    "risk": 0
  },
  {
    "code": "E1105",
    "name": "Lysozyme, Lysozyme chlorhydrate",
    "risk": "Pas/peu toxique"
  },
  {
    "code": "E1200",
    "name": "Polydextroses A et N, Polydextroses modifiés",
    "risk": "Modérément toxique"
  },
  {
    "code": "E1201",
    "name": "Polyvinylpyrrolidone, PVP",
    "risk": "Toxique"
  },
  {
    "code": "E1202",
    "name": "Polyvinylpolypyrrolidone, PVPP",
    "risk": "Toxique"
  },
  {
    "code": "E1203",
    "name": "Alcool polyvinylique",
    "risk": "Toxique"
  },
  {
    "code": "E1204",
    "name": "Pullulan, Pullulane",
    "risk": "Pas/peu toxique"
  },
  {
    "code": "E1205",
    "name": "Copolymère méthacrylate basique",
    "risk": 0
  },
  {
    "code": "E1400",
    "name": "Amidon modifié, Amidon torréfié, Amidon, Dextrines",
    "risk": "Modérément toxique"
  },
  {
    "code": "E1401",
    "name": "Amidon modifié, Amidon traité aux acides",
    "risk": "Modérément toxique"
  },
  {
    "code": "E1402",
    "name": "Amidon modifié, Amidon traité aux alcalis",
    "risk": "Modérément toxique"
  },
  {
    "code": "E1403",
    "name": "Amidon modifié, Amidon blanchi",
    "risk": "Modérément toxique"
  },
  {
    "code": "E1404",
    "name": "Amidon modifié, Amidon oxydé",
    "risk": "Modérément toxique"
  },
  {
    "code": "E1405",
    "name": "Amidon modifié, Amidon traité aux enzymes, Amidon",
    "risk": "Modérément toxique"
  },
  {
    "code": "E1410",
    "name": "Amidon modifié, Phosphate d'amidon",
    "risk": "Modérément toxique"
  },
  {
    "code": "E1411",
    "name": "Amidon modifié, Glycérol de diamidon, Diamidon glycériné",
    "risk": "Modérément toxique"
  },
  {
    "code": "E1412",
    "name": "Amidon modifié, Phosphate de diamidon",
    "risk": "Modérément toxique"
  },
  {
    "code": "E1413",
    "name": "Amidon modifié, Phosphate de diamidon phosphaté",
    "risk": "Modérément toxique"
  },
  {
    "code": "E1414",
    "name": "Amidon modifié, Phosphate de diamidon acétylé",
    "risk": "Toxique"
  },
  {
    "code": "E1420",
    "name": "Amidon modifié, Amidon acétylé, Acétate d'amidon",
    "risk": "Toxique"
  },
  {
    "code": "E1421",
    "name": "Amidon modifié, Amidon acétylé à acétate de vinyle",
    "risk": "Toxique"
  },
  {
    "code": "E1422",
    "name": "Amidon modifié, Adipate de diamidon acétyle",
    "risk": "Modérément toxique"
  },
  {
    "code": "E1423",
    "name": "Amidon modifié, Glycérol de diamidon acétylé",
    "risk": 0
  },
  {
    "code": "E1430",
    "name": "Amidon modifié, Diamidon glycériné",
    "risk": 0
  },
  {
    "code": "E1440",
    "name": "Amidon modifié, Amidon hydroxypropylique",
    "risk": "Toxique"
  },
  {
    "code": "E1441",
    "name": "Amidon modifié, Glycérine de diamidon hydroxypropylique",
    "risk": "Toxique"
  },
  {
    "code": "E1442",
    "name": "Amidon modifié, Phosphate de diamidon hydroxypropylique",
    "risk": "Toxique"
  },
  {
    "code": "E1443",
    "name": "Amidon modifié, Glycérol de diamidon hydroxypropylique",
    "risk": "Toxique"
  },
  {
    "code": "E1450",
    "name": "Amidon modifié, Succinate octénylique d'amidon sodique",
    "risk": "Modérément toxique"
  },
  {
    "code": "E1451",
    "name": "Amidon modifié, Amidon oxydé acétylé",
    "risk": "Modérément toxique"
  },
  {
    "code": "E1452",
    "name": "Amidon modifié, Succinate octénylique d'amidon aluminique",
    "risk": "Toxique"
  },
  {
    "code": "E1503",
    "name": "Huile de ricin",
    "risk": "Modérément toxique"
  },
  {
    "code": "E1505",
    "name": "Citrate de triéthyle, Citrate triéthylique, Triéthyl-citrate",
    "risk": "Modérément toxique"
  },
  {
    "code": "E1510",
    "name": "Ethanol, Alcool éthylique",
    "risk": "Modérément toxique"
  },
  {
    "code": "E1517",
    "name": "Diacétine, Diacétate de glycérol, Diacétate de glycéryle",
    "risk": "Modérément toxique"
  },
  {
    "code": "E1518",
    "name": "Triacétine, Triacétate de glycérol, Triacétate de glycéryle",
    "risk": "Pas/peu toxique"
  },
  {
    "code": "E1519",
    "name": "Alcool de benzyle, Alcool benzylique, Phénylméthanol",
    "risk": "Modérément toxique"
  },
  {
    "code": "E1520",
    "name": "Propylène glycol, Propane diol-1,2",
    "risk": "Modérément toxique"
  },
  {
    "code": "E1521",
    "name": "Polyéthylène glycol, PEG, Macrogol",
    "risk": "Douteux"
  },
  {
    "code": "E1522",
    "name": "Lignosulfonate de calcium (40-65)",
    "risk": "Douteux"
  }
]